database_name,schema_name,table_name,table_type,table_description,ordinal_position,column_name,data_type,is_nullable,column_default,column_description
TRUSTED_CRM,DBO,ATRIBUTO,BASE TABLE,,1,CUA_CUS_ID,FLOAT,YES,,
TRUSTED_CRM,DBO,ATRIBUTO,BASE TABLE,,2,NOME_ATRIBUTO,TEXT,YES,,
TRUSTED_CRM,DBO,ATRIBUTO,BASE TABLE,,3,VALOR_ATRIBUTO,TEXT,YES,,
TRUSTED_CRM,DBO,AUXILIAR_MESES,BASE TABLE,,1,MES,TEXT,YES,,
TRUSTED_CRM,DBO,AUXILIAR_MESES,BASE TABLE,,2,PRIMEIRO_DIA_MES,TEXT,NO,,
TRUSTED_CRM,DBO,BASE_MONITORADA_RELACOES_INSTITUCIONAIS,BASE TABLE,,1,ORIGEM,TEXT,YES,,
TRUSTED_CRM,DBO,BASE_MONITORADA_RELACOES_INSTITUCIONAIS,BASE TABLE,,2,CPF_TXT,TEXT,YES,,
TRUSTED_CRM,DBO,BASE_MONITORADA_RELACOES_INSTITUCIONAIS,BASE TABLE,,3,CPF_NUM,TEXT,YES,,
TRUSTED_CRM,DBO,BASE_MONITORADA_RELACOES_INSTITUCIONAIS,BASE TABLE,,4,CPF_6DIG,NUMBER,YES,,
TRUSTED_CRM,DBO,BASE_MONITORADA_RELACOES_INSTITUCIONAIS,BASE TABLE,,5,NOME_COMPLETO,TEXT,YES,,
TRUSTED_CRM,DBO,BASE_MONITORADA_RELACOES_INSTITUCIONAIS,BASE TABLE,,6,NOME_POPULAR,TEXT,YES,,
TRUSTED_CRM,DBO,BASE_MONITORADA_RELACOES_INSTITUCIONAIS,BASE TABLE,,7,RAMO_ATIVIDADE,TEXT,YES,,
TRUSTED_CRM,DBO,BASE_MONITORADA_RELACOES_INSTITUCIONAIS,BASE TABLE,,8,CARGO_DESCRICAO,TEXT,YES,,
TRUSTED_CRM,DBO,BASE_MONITORADA_RELACOES_INSTITUCIONAIS,BASE TABLE,,9,CARGO_DESCRICAO_RESUMO,TEXT,YES,,
TRUSTED_CRM,DBO,BASE_MONITORADA_RELACOES_INSTITUCIONAIS,BASE TABLE,,10,UF,TEXT,YES,,
TRUSTED_CRM,DBO,BASE_MONITORADA_RELACOES_INSTITUCIONAIS,BASE TABLE,,11,QTDE,NUMBER,YES,,
TRUSTED_CRM,DBO,BASE_MONITORADA_RELACOES_INSTITUCIONAIS,BASE TABLE,,12,DT_INCLUSAO,TEXT,YES,,
TRUSTED_CRM,DBO,BASE_MONITORADA_RELACOES_INSTITUCIONAIS,BASE TABLE,,13,SOLICITANTE,TEXT,YES,,
TRUSTED_CRM,DBO,BASE_MONITORADA_RELACOES_INSTITUCIONAIS,BASE TABLE,,14,PRIMEIRO_NOME,TEXT,YES,,
TRUSTED_CRM,DBO,BASE_MONITORADA_RELACOES_INSTITUCIONAIS,BASE TABLE,,15,NUMERO_TUDO_AZUL,NUMBER,YES,,
TRUSTED_CRM,DBO,BASE_MONITORADA_RELACOES_INSTITUCIONAIS,BASE TABLE,,16,FLAG_SMS,NUMBER,YES,,
TRUSTED_CRM,DBO,BASE_MONITORADA_RELACOES_INSTITUCIONAIS,BASE TABLE,,17,TIPO_DE_ATENDIMENTO,TEXT,YES,,
TRUSTED_CRM,DBO,BASE_MONITORADA_RELACOES_INSTITUCIONAIS_20231215,BASE TABLE,Backup para execução da RITM4720182,1,ORIGEM,TEXT,YES,,
TRUSTED_CRM,DBO,BASE_MONITORADA_RELACOES_INSTITUCIONAIS_20231215,BASE TABLE,Backup para execução da RITM4720182,2,CPF_TXT,TEXT,YES,,
TRUSTED_CRM,DBO,BASE_MONITORADA_RELACOES_INSTITUCIONAIS_20231215,BASE TABLE,Backup para execução da RITM4720182,3,CPF_NUM,TEXT,YES,,
TRUSTED_CRM,DBO,BASE_MONITORADA_RELACOES_INSTITUCIONAIS_20231215,BASE TABLE,Backup para execução da RITM4720182,4,CPF_6DIG,TEXT,YES,,
TRUSTED_CRM,DBO,BASE_MONITORADA_RELACOES_INSTITUCIONAIS_20231215,BASE TABLE,Backup para execução da RITM4720182,5,NOME_COMPLETO,TEXT,YES,,
TRUSTED_CRM,DBO,BASE_MONITORADA_RELACOES_INSTITUCIONAIS_20231215,BASE TABLE,Backup para execução da RITM4720182,6,NOME_POPULAR,TEXT,YES,,
TRUSTED_CRM,DBO,BASE_MONITORADA_RELACOES_INSTITUCIONAIS_20231215,BASE TABLE,Backup para execução da RITM4720182,7,RAMO_ATIVIDADE,TEXT,YES,,
TRUSTED_CRM,DBO,BASE_MONITORADA_RELACOES_INSTITUCIONAIS_20231215,BASE TABLE,Backup para execução da RITM4720182,8,CARGO_DESCRICAO,TEXT,YES,,
TRUSTED_CRM,DBO,BASE_MONITORADA_RELACOES_INSTITUCIONAIS_20231215,BASE TABLE,Backup para execução da RITM4720182,9,CARGO_DESCRICAO_RESUMO,TEXT,YES,,
TRUSTED_CRM,DBO,BASE_MONITORADA_RELACOES_INSTITUCIONAIS_20231215,BASE TABLE,Backup para execução da RITM4720182,10,UF,TEXT,YES,,
TRUSTED_CRM,DBO,BASE_MONITORADA_RELACOES_INSTITUCIONAIS_20231215,BASE TABLE,Backup para execução da RITM4720182,11,QTDE,TEXT,YES,,
TRUSTED_CRM,DBO,BASE_MONITORADA_RELACOES_INSTITUCIONAIS_20231215,BASE TABLE,Backup para execução da RITM4720182,12,DT_INCLUSAO,TEXT,YES,,
TRUSTED_CRM,DBO,BASE_MONITORADA_RELACOES_INSTITUCIONAIS_20231215,BASE TABLE,Backup para execução da RITM4720182,13,SOLICITANTE,TEXT,YES,,
TRUSTED_CRM,DBO,BASE_MONITORADA_RELACOES_INSTITUCIONAIS_20231215,BASE TABLE,Backup para execução da RITM4720182,14,PRIMEIRO_NOME,TEXT,YES,,
TRUSTED_CRM,DBO,BASE_MONITORADA_RELACOES_INSTITUCIONAIS_20231215,BASE TABLE,Backup para execução da RITM4720182,15,NUMERO_TUDO_AZUL,TEXT,YES,,
TRUSTED_CRM,DBO,BASE_MONITORADA_RELACOES_INSTITUCIONAIS_20231215,BASE TABLE,Backup para execução da RITM4720182,16,DH_CARGA,TIMESTAMP_NTZ,YES,,
TRUSTED_CRM,DBO,BASE_MONITORADA_RELACOES_INSTITUCIONAIS_FINAL,BASE TABLE,,1,ORIGEM,TEXT,YES,,
TRUSTED_CRM,DBO,BASE_MONITORADA_RELACOES_INSTITUCIONAIS_FINAL,BASE TABLE,,2,CPF_TXT,TEXT,YES,,
TRUSTED_CRM,DBO,BASE_MONITORADA_RELACOES_INSTITUCIONAIS_FINAL,BASE TABLE,,3,CPF_NUM,TEXT,YES,,
TRUSTED_CRM,DBO,BASE_MONITORADA_RELACOES_INSTITUCIONAIS_FINAL,BASE TABLE,,4,CPF_6DIG,TEXT,YES,,
TRUSTED_CRM,DBO,BASE_MONITORADA_RELACOES_INSTITUCIONAIS_FINAL,BASE TABLE,,5,NOME_COMPLETO,TEXT,YES,,
TRUSTED_CRM,DBO,BASE_MONITORADA_RELACOES_INSTITUCIONAIS_FINAL,BASE TABLE,,6,NOME_POPULAR,TEXT,YES,,
TRUSTED_CRM,DBO,BASE_MONITORADA_RELACOES_INSTITUCIONAIS_FINAL,BASE TABLE,,7,RAMO_ATIVIDADE,TEXT,YES,,
TRUSTED_CRM,DBO,BASE_MONITORADA_RELACOES_INSTITUCIONAIS_FINAL,BASE TABLE,,8,CARGO_DESCRICAO,TEXT,YES,,
TRUSTED_CRM,DBO,BASE_MONITORADA_RELACOES_INSTITUCIONAIS_FINAL,BASE TABLE,,9,CARGO_DESCRICAO_RESUMO,TEXT,YES,,
TRUSTED_CRM,DBO,BASE_MONITORADA_RELACOES_INSTITUCIONAIS_FINAL,BASE TABLE,,10,UF,TEXT,YES,,
TRUSTED_CRM,DBO,BASE_MONITORADA_RELACOES_INSTITUCIONAIS_FINAL,BASE TABLE,,11,QTDE,TEXT,YES,,
TRUSTED_CRM,DBO,BASE_MONITORADA_RELACOES_INSTITUCIONAIS_FINAL,BASE TABLE,,12,DT_INCLUSAO,TEXT,YES,,
TRUSTED_CRM,DBO,BASE_MONITORADA_RELACOES_INSTITUCIONAIS_FINAL,BASE TABLE,,13,SOLICITANTE,TEXT,YES,,
TRUSTED_CRM,DBO,BASE_MONITORADA_RELACOES_INSTITUCIONAIS_FINAL,BASE TABLE,,14,PRIMEIRO_NOME,TEXT,YES,,
TRUSTED_CRM,DBO,BASE_MONITORADA_RELACOES_INSTITUCIONAIS_FINAL,BASE TABLE,,15,NUMERO_TUDO_AZUL,TEXT,YES,,
TRUSTED_CRM,DBO,BAU_ATIVACOES,BASE TABLE,,1,INDICADOR,TEXT,YES,,
TRUSTED_CRM,DBO,BAU_ATIVACOES,BASE TABLE,,2,DATA_BAU,TIMESTAMP_NTZ,YES,,
TRUSTED_CRM,DBO,BAU_ATIVACOES,BASE TABLE,,3,VALOR,FLOAT,YES,,
TRUSTED_CRM,DBO,BI_CRM_CODIFICACAO_VOUCHER,BASE TABLE,,1,RECORDID,NUMBER,NO,,
TRUSTED_CRM,DBO,BI_CRM_CODIFICACAO_VOUCHER,BASE TABLE,,2,CODE,TEXT,YES,,
TRUSTED_CRM,DBO,BI_CRM_CODIFICACAO_VOUCHER,BASE TABLE,,3,MOTIVO,TEXT,YES,,
TRUSTED_CRM,DBO,BI_CRM_CODIFICACAO_VOUCHER,BASE TABLE,,4,LAST_UPDATE,TIMESTAMP_NTZ,YES,,
TRUSTED_CRM,DBO,BI_CRM_CODIFICACAO_VOUCHER,BASE TABLE,,5,DH_CARGA,TIMESTAMP_NTZ,NO,CURRENT_TIMESTAMP(),
TRUSTED_CRM,DBO,CADASTRAL,BASE TABLE,,1,CONTA_TA,NUMBER,NO,,
TRUSTED_CRM,DBO,CADASTRAL,BASE TABLE,,2,STATUS_CONTA,TEXT,YES,,
TRUSTED_CRM,DBO,CADASTRAL,BASE TABLE,,3,REGRA_EPIRACAO_PONTOS_ATIVA,TEXT,YES,,
TRUSTED_CRM,DBO,CADASTRAL,BASE TABLE,,4,ID_CONSUMIDOR,NUMBER,YES,,
TRUSTED_CRM,DBO,CADASTRAL,BASE TABLE,,5,STATUS_CONSUMIDOR,TEXT,YES,,
TRUSTED_CRM,DBO,CADASTRAL,BASE TABLE,,6,NUMERO_TA,TEXT,YES,,
TRUSTED_CRM,DBO,CADASTRAL,BASE TABLE,,7,STATUS_NTA,TEXT,YES,,
TRUSTED_CRM,DBO,CADASTRAL,BASE TABLE,,8,NUMERO_CPF,TEXT,YES,,
TRUSTED_CRM,DBO,CADASTRAL,BASE TABLE,,9,STATUS_CPF,TEXT,YES,,
TRUSTED_CRM,DBO,CADASTRAL,BASE TABLE,,10,INFORMACOES_MERGE,TEXT,YES,,
TRUSTED_CRM,DBO,CADASTRAL,BASE TABLE,,11,CLIENTE_MERGE,TEXT,YES,,
TRUSTED_CRM,DBO,CADASTRAL,BASE TABLE,,12,DATA_ADESAO,TIMESTAMP_NTZ,YES,,
TRUSTED_CRM,DBO,CADASTRAL,BASE TABLE,,13,FAIXA_IDADE_CONTA,TEXT,YES,,
TRUSTED_CRM,DBO,CADASTRAL,BASE TABLE,,14,NOME_COMPLETO,TEXT,YES,,
TRUSTED_CRM,DBO,CADASTRAL,BASE TABLE,,15,NOME,TEXT,YES,,
TRUSTED_CRM,DBO,CADASTRAL,BASE TABLE,,16,NOME_MEIO,TEXT,YES,,
TRUSTED_CRM,DBO,CADASTRAL,BASE TABLE,,17,SOBRENOME,TEXT,YES,,
TRUSTED_CRM,DBO,CADASTRAL,BASE TABLE,,18,GENERO,TEXT,YES,,
TRUSTED_CRM,DBO,CADASTRAL,BASE TABLE,,19,DATA_NASCIMENTO,TIMESTAMP_NTZ,YES,,
TRUSTED_CRM,DBO,CADASTRAL,BASE TABLE,,20,IDADE,NUMBER,YES,,
TRUSTED_CRM,DBO,CADASTRAL,BASE TABLE,,21,FAIXA_ETARIA,TEXT,YES,,
TRUSTED_CRM,DBO,CADASTRAL,BASE TABLE,,22,ESTADO_CIVIL,TEXT,YES,,
TRUSTED_CRM,DBO,CADASTRAL,BASE TABLE,,23,TELEFONE,TEXT,YES,,
TRUSTED_CRM,DBO,CADASTRAL,BASE TABLE,,24,CELULAR,TEXT,YES,,
TRUSTED_CRM,DBO,CADASTRAL,BASE TABLE,,25,EMAIL,TEXT,YES,,
TRUSTED_CRM,DBO,CADASTRAL,BASE TABLE,,26,FILHOS,NUMBER,YES,,
TRUSTED_CRM,DBO,CADASTRAL,BASE TABLE,,27,QUANTIDADE_FILHOS,TEXT,YES,,
TRUSTED_CRM,DBO,CADASTRAL,BASE TABLE,,28,NACIONALIDADE,TEXT,YES,,
TRUSTED_CRM,DBO,CADASTRAL,BASE TABLE,,29,CIDADE,TEXT,YES,,
TRUSTED_CRM,DBO,CADASTRAL,BASE TABLE,,30,CEP,TEXT,YES,,
TRUSTED_CRM,DBO,CADASTRAL,BASE TABLE,,31,RUA,TEXT,YES,,
TRUSTED_CRM,DBO,CADASTRAL,BASE TABLE,,32,NUMERO_DA_CASA,TEXT,YES,,
TRUSTED_CRM,DBO,CADASTRAL,BASE TABLE,,33,COMPLEMENTO,TEXT,YES,,
TRUSTED_CRM,DBO,CADASTRAL,BASE TABLE,,34,ESTADO,TEXT,YES,,
TRUSTED_CRM,DBO,CADASTRAL,BASE TABLE,,35,BAIRRO,TEXT,YES,,
TRUSTED_CRM,DBO,CADASTRAL,BASE TABLE,,36,REGIAO,TEXT,YES,,
TRUSTED_CRM,DBO,CADASTRAL,BASE TABLE,,37,PAIS,TEXT,YES,,
TRUSTED_CRM,DBO,CADASTRAL,BASE TABLE,,38,PACOTE_CLUBE,TEXT,YES,,
TRUSTED_CRM,DBO,CADASTRAL,BASE TABLE,,39,STATUS_CLUBE,TEXT,YES,,
TRUSTED_CRM,DBO,CADASTRAL,BASE TABLE,,40,TAIC,NUMBER,YES,,
TRUSTED_CRM,DBO,CADASTRAL,BASE TABLE,,41,VARIANTE,TEXT,YES,,
TRUSTED_CRM,DBO,CADASTRAL,BASE TABLE,,42,DATA_ULTIMA_ADESAO_COBRANDED,TIMESTAMP_NTZ,YES,,
TRUSTED_CRM,DBO,CADASTRAL,BASE TABLE,,43,PRE_APROVADO_TAIC,NUMBER,YES,,
TRUSTED_CRM,DBO,CADASTRAL,BASE TABLE,,44,TIER,TEXT,YES,,
TRUSTED_CRM,DBO,CADASTRAL,BASE TABLE,,45,PONTOS_QUALIFICAVEIS_NO_ANO,NUMBER,YES,,
TRUSTED_CRM,DBO,CADASTRAL,BASE TABLE,,46,PONTOS_QUALIFICAVEIS_NO_ANO_ANTERIOR,NUMBER,YES,,
TRUSTED_CRM,DBO,CADASTRAL,BASE TABLE,,47,PREVISAO_TIER_PONTOS_QUALIFICAVEIS,TEXT,YES,,
TRUSTED_CRM,DBO,CADASTRAL,BASE TABLE,,48,CODIGO_INSCRICAO,TEXT,YES,,
TRUSTED_CRM,DBO,CADASTRAL,BASE TABLE,,49,CODIGO_CANAL,TEXT,YES,,
TRUSTED_CRM,DBO,CADASTRAL,BASE TABLE,,50,NOME_CANAL,TEXT,YES,,
TRUSTED_CRM,DBO,CADASTRAL,BASE TABLE,,51,TIPO_CONTA,TEXT,YES,,
TRUSTED_CRM,DBO,CADASTRAL,BASE TABLE,,52,ENRIQUECIMENTO_CADASTRAL,NUMBER,YES,,
TRUSTED_CRM,DBO,CADASTRAL,BASE TABLE,,53,SALDO_DE_PONTOS,NUMBER,YES,,
TRUSTED_CRM,DBO,CADASTRAL,BASE TABLE,,54,FAIXA_SALDO_DE_PONTOS,TEXT,YES,,
TRUSTED_CRM,DBO,CADASTRAL,BASE TABLE,,55,DATA_MAXIMA_CSA,TIMESTAMP_NTZ,YES,,
TRUSTED_CRM,DBO,CADASTRAL,BASE TABLE,,56,ULTIMA_ATUALIZACAO,TIMESTAMP_TZ,YES,,
TRUSTED_CRM,DBO,CADASTRAL_RECOVERY,VIEW,,1,NUMERO_TA,TEXT,YES,,
TRUSTED_CRM,DBO,CADASTRAL_RECOVERY,VIEW,,2,NUMERO_CPF,TEXT,YES,,
TRUSTED_CRM,DBO,CADASTRAL_RECOVERY,VIEW,,3,TIER,TEXT,YES,,
TRUSTED_CRM,DBO,CADASTRAL_RECOVERY,VIEW,,4,TELEFONE,TEXT,YES,,
TRUSTED_CRM,DBO,CADASTRAL_RECOVERY,VIEW,,5,CELULAR,TEXT,YES,,
TRUSTED_CRM,DBO,CADASTRAL_RECOVERY,VIEW,,6,EMAIL,TEXT,YES,,
TRUSTED_CRM,DBO,CATALOGO_CLIENTES,BASE TABLE,,1,INVENTORYLEGID,NUMBER,YES,,
TRUSTED_CRM,DBO,CATALOGO_CLIENTES,BASE TABLE,,2,SEGMENTID,NUMBER,YES,,
TRUSTED_CRM,DBO,CATALOGO_CLIENTES,BASE TABLE,,3,PASSENGERID,NUMBER,YES,,
TRUSTED_CRM,DBO,CATALOGO_CLIENTES,BASE TABLE,,4,RECORDLOCATOR,TEXT,YES,,
TRUSTED_CRM,DBO,CATALOGO_CLIENTES,BASE TABLE,,5,BOOKINGID,NUMBER,YES,,
TRUSTED_CRM,DBO,CATALOGO_CLIENTES,BASE TABLE,,6,STATUSBOOKING,NUMBER,YES,,
TRUSTED_CRM,DBO,CATALOGO_CLIENTES,BASE TABLE,,7,BOOKINGPROMOCODE,TEXT,YES,,
TRUSTED_CRM,DBO,CATALOGO_CLIENTES,BASE TABLE,,8,EMAILADDRESS_BUYER,TEXT,YES,,
TRUSTED_CRM,DBO,CATALOGO_CLIENTES,BASE TABLE,,9,EMAILADRESS_BUYER_INDOK,NUMBER,YES,,
TRUSTED_CRM,DBO,CATALOGO_CLIENTES,BASE TABLE,,10,FIRSTNAME_BUYER,TEXT,YES,,
TRUSTED_CRM,DBO,CATALOGO_CLIENTES,BASE TABLE,,11,MIDDLENAME_BUYER,TEXT,YES,,
TRUSTED_CRM,DBO,CATALOGO_CLIENTES,BASE TABLE,,12,LASTNAME_BUYER,TEXT,YES,,
TRUSTED_CRM,DBO,CATALOGO_CLIENTES,BASE TABLE,,13,CITY_BUYER,TEXT,YES,,
TRUSTED_CRM,DBO,CATALOGO_CLIENTES,BASE TABLE,,14,PROVINCESTATE_BUYER,TEXT,YES,,
TRUSTED_CRM,DBO,CATALOGO_CLIENTES,BASE TABLE,,15,COUNTRYCODE_BUYER,TEXT,YES,,
TRUSTED_CRM,DBO,CATALOGO_CLIENTES,BASE TABLE,,16,POSTALCODE_BUYER,TEXT,YES,,
TRUSTED_CRM,DBO,CATALOGO_CLIENTES,BASE TABLE,,17,HOMEPHONE_BUYER,TEXT,YES,,
TRUSTED_CRM,DBO,CATALOGO_CLIENTES,BASE TABLE,,18,WORKPHONE_BUYER,TEXT,YES,,
TRUSTED_CRM,DBO,CATALOGO_CLIENTES,BASE TABLE,,19,OTHERPHONE_BUYER,TEXT,YES,,
TRUSTED_CRM,DBO,CATALOGO_CLIENTES,BASE TABLE,,20,FIRSTNAME_PAX,TEXT,YES,,
TRUSTED_CRM,DBO,CATALOGO_CLIENTES,BASE TABLE,,21,MIDDLENAME_PAX,TEXT,YES,,
TRUSTED_CRM,DBO,CATALOGO_CLIENTES,BASE TABLE,,22,LASTNAME_PAX,TEXT,YES,,
TRUSTED_CRM,DBO,CATALOGO_CLIENTES,BASE TABLE,,23,CPF_PAX,TEXT,YES,,
TRUSTED_CRM,DBO,CATALOGO_CLIENTES,BASE TABLE,,24,RG_PAX,TEXT,YES,,
TRUSTED_CRM,DBO,CATALOGO_CLIENTES,BASE TABLE,,25,PASSPORT_PAX,TEXT,YES,,
TRUSTED_CRM,DBO,CATALOGO_CLIENTES,BASE TABLE,,26,TANUMBER_PAX,TEXT,YES,,
TRUSTED_CRM,DBO,CATALOGO_CLIENTES,BASE TABLE,,27,PROGRAMLEVEL_PAX,TEXT,YES,,
TRUSTED_CRM,DBO,CATALOGO_CLIENTES,BASE TABLE,,28,PAXTYPE,TEXT,YES,,
TRUSTED_CRM,DBO,CATALOGO_CLIENTES,BASE TABLE,,29,GENDER_PAX,TEXT,YES,,
TRUSTED_CRM,DBO,CATALOGO_CLIENTES,BASE TABLE,,30,GENDER_PAX_PRESUMED,TEXT,YES,,
TRUSTED_CRM,DBO,CATALOGO_CLIENTES,BASE TABLE,,31,BOOKINGSEARCHNAMEID,NUMBER,YES,,
TRUSTED_CRM,DBO,CATALOGO_CLIENTES,BASE TABLE,,32,DATEOFBIRTH_PAX,TIMESTAMP_NTZ,YES,,
TRUSTED_CRM,DBO,CATALOGO_CLIENTES,BASE TABLE,,33,DATEOFBIRTH_PAX_INDOK,NUMBER,YES,,
TRUSTED_CRM,DBO,CATALOGO_CLIENTES,BASE TABLE,,34,INFANT,NUMBER,YES,,
TRUSTED_CRM,DBO,CATALOGO_CLIENTES,BASE TABLE,,35,PAIDSTATUS,NUMBER,YES,,
TRUSTED_CRM,DBO,CATALOGO_CLIENTES,BASE TABLE,,36,PRICESTATUS,NUMBER,YES,,
TRUSTED_CRM,DBO,CATALOGO_CLIENTES,BASE TABLE,,37,RECEIVEDBY,TEXT,YES,,
TRUSTED_CRM,DBO,CATALOGO_CLIENTES,BASE TABLE,,38,TOTALCOST,FLOAT,YES,,
TRUSTED_CRM,DBO,CATALOGO_CLIENTES,BASE TABLE,,39,CUSTOMERTOTALCOST,FLOAT,YES,,
TRUSTED_CRM,DBO,CATALOGO_CLIENTES,BASE TABLE,,40,BOOKINGDATE,TIMESTAMP_NTZ,YES,,
TRUSTED_CRM,DBO,CATALOGO_CLIENTES,BASE TABLE,,41,SOURCEAGENTCODE,TEXT,YES,,
TRUSTED_CRM,DBO,CATALOGO_CLIENTES,BASE TABLE,,42,SOURCEORGANIZATIONCODE,TEXT,YES,,
TRUSTED_CRM,DBO,CATALOGO_CLIENTES,BASE TABLE,,43,SEGMENTNUMBER,NUMBER,YES,,
TRUSTED_CRM,DBO,CATALOGO_CLIENTES,BASE TABLE,,44,JOURNEYNUMBER,NUMBER,YES,,
TRUSTED_CRM,DBO,CATALOGO_CLIENTES,BASE TABLE,,45,JOURNEYS,NUMBER,YES,,
TRUSTED_CRM,DBO,CATALOGO_CLIENTES,BASE TABLE,,46,CLASSOFSERVICE,TEXT,YES,,
TRUSTED_CRM,DBO,CATALOGO_CLIENTES,BASE TABLE,,47,LEGINTERNATIONAL,NUMBER,YES,,
TRUSTED_CRM,DBO,CATALOGO_CLIENTES,BASE TABLE,,48,TOTALCNX,NUMBER,YES,,
TRUSTED_CRM,DBO,CATALOGO_CLIENTES,BASE TABLE,,49,TOTALSTOPS,NUMBER,YES,,
TRUSTED_CRM,DBO,CATALOGO_CLIENTES,BASE TABLE,,50,LEGNUMBER,NUMBER,YES,,
TRUSTED_CRM,DBO,CATALOGO_CLIENTES,BASE TABLE,,51,COMPARTMENTDESIGNATOR,TEXT,YES,,
TRUSTED_CRM,DBO,CATALOGO_CLIENTES,BASE TABLE,,52,UNITDESIGNATOR,TEXT,YES,,
TRUSTED_CRM,DBO,CATALOGO_CLIENTES,BASE TABLE,,53,BOOKINGSTATUS,TEXT,YES,,
TRUSTED_CRM,DBO,CATALOGO_CLIENTES,BASE TABLE,,54,LIFTSTATUS,NUMBER,YES,,
TRUSTED_CRM,DBO,CATALOGO_CLIENTES,BASE TABLE,,55,DESCRIPTIONLIFTSTATUS,TEXT,YES,,
TRUSTED_CRM,DBO,CATALOGO_CLIENTES,BASE TABLE,,56,DEPARTUREDATE,TIMESTAMP_NTZ,YES,,
TRUSTED_CRM,DBO,CATALOGO_CLIENTES,BASE TABLE,,57,ARRIVALADATE,TIMESTAMP_NTZ,YES,,
TRUSTED_CRM,DBO,CATALOGO_CLIENTES,BASE TABLE,,58,ADVP,NUMBER,YES,,
TRUSTED_CRM,DBO,CATALOGO_CLIENTES,BASE TABLE,,59,DURATIONTRIP,NUMBER,YES,,
TRUSTED_CRM,DBO,CATALOGO_CLIENTES,BASE TABLE,,60,LEGDEPARTURESTATION,TEXT,YES,,
TRUSTED_CRM,DBO,CATALOGO_CLIENTES,BASE TABLE,,61,LEGARRIVALSTATION,TEXT,YES,,
TRUSTED_CRM,DBO,CATALOGO_CLIENTES,BASE TABLE,,62,LEGPAIR,TEXT,YES,,
TRUSTED_CRM,DBO,CATALOGO_CLIENTES,BASE TABLE,,63,LEGPAIR_ND,TEXT,YES,,
TRUSTED_CRM,DBO,CATALOGO_CLIENTES,BASE TABLE,,64,JOURNEYDEPARTURESTATION,TEXT,YES,,
TRUSTED_CRM,DBO,CATALOGO_CLIENTES,BASE TABLE,,65,JOURNEYARRIVALSTATION,TEXT,YES,,
TRUSTED_CRM,DBO,CATALOGO_CLIENTES,BASE TABLE,,66,JOURNEYPAIR,TEXT,YES,,
TRUSTED_CRM,DBO,CATALOGO_CLIENTES,BASE TABLE,,67,JOURNEYPAIR_ND,TEXT,YES,,
TRUSTED_CRM,DBO,CATALOGO_CLIENTES,BASE TABLE,,68,JOURNEYINTERNATIONAL,NUMBER,YES,,
TRUSTED_CRM,DBO,CATALOGO_CLIENTES,BASE TABLE,,69,EQUIPMENTTYPE,TEXT,YES,,
TRUSTED_CRM,DBO,CATALOGO_CLIENTES,BASE TABLE,,70,EQUIPMENTTYPESUFFIX,TEXT,YES,,
TRUSTED_CRM,DBO,CATALOGO_CLIENTES,BASE TABLE,,71,ADJUSTEDCAPACITY,NUMBER,YES,,
TRUSTED_CRM,DBO,CATALOGO_CLIENTES,BASE TABLE,,72,FLIGHTNUMBER,TEXT,YES,,
TRUSTED_CRM,DBO,CATALOGO_CLIENTES,BASE TABLE,,73,STD,TIMESTAMP_NTZ,YES,,
TRUSTED_CRM,DBO,CATALOGO_CLIENTES,BASE TABLE,,74,STA,TIMESTAMP_NTZ,YES,,
TRUSTED_CRM,DBO,CATALOGO_CLIENTES,BASE TABLE,,75,CARRIERCODE,TEXT,YES,,
TRUSTED_CRM,DBO,CATALOGO_CLIENTES,BASE TABLE,,76,FLIGHTTIME_MIN,FLOAT,YES,,
TRUSTED_CRM,DBO,CATALOGO_CLIENTES,BASE TABLE,,77,PRODUCTCLASSCODE,TEXT,YES,,
TRUSTED_CRM,DBO,CATALOGO_CLIENTES,BASE TABLE,,78,PRODUCTCLASSNAME,TEXT,YES,,
TRUSTED_CRM,DBO,CATALOGO_CLIENTES,BASE TABLE,,79,SALESCHANNEL,TEXT,YES,,
TRUSTED_CRM,DBO,CATALOGO_CLIENTES,BASE TABLE,,80,DEPARTMENTCODE,TEXT,YES,,
TRUSTED_CRM,DBO,CATALOGO_CLIENTES,BASE TABLE,,81,ORGANIZATIONCODE,TEXT,YES,,
TRUSTED_CRM,DBO,CATALOGO_CLIENTES,BASE TABLE,,82,QTDPAX,NUMBER,YES,,
TRUSTED_CRM,DBO,CATALOGO_CLIENTES,BASE TABLE,,83,CLASSLAZERTRABALHO,TEXT,YES,,
TRUSTED_CRM,DBO,CATALOGO_CLIENTES,BASE TABLE,,84,INDBOOKING,NUMBER,YES,,
TRUSTED_CRM,DBO,CATALOGO_CLIENTES,BASE TABLE,,85,INDPAX,NUMBER,YES,,
TRUSTED_CRM,DBO,CATALOGO_CLIENTES,BASE TABLE,,86,INDJOURNEY,NUMBER,YES,,
TRUSTED_CRM,DBO,CATALOGO_CLIENTES,BASE TABLE,,87,INDSEGMENT,NUMBER,YES,,
TRUSTED_CRM,DBO,CATALOGO_CLIENTES,BASE TABLE,,88,INDLEG,NUMBER,YES,,
TRUSTED_CRM,DBO,CATALOGO_CLIENTES,BASE TABLE,,89,FARETYPES,TEXT,YES,,
TRUSTED_CRM,DBO,CATALOGO_CLIENTES,BASE TABLE,,90,FARETYPES_CLASS,NUMBER,YES,,
TRUSTED_CRM,DBO,CATALOGO_CLIENTES,BASE TABLE,,91,BAGGAGEWEIGHT,NUMBER,YES,,
TRUSTED_CRM,DBO,CATALOGO_CLIENTES,BASE TABLE,,92,BAGGAGECOUNT,NUMBER,YES,,
TRUSTED_CRM,DBO,CATALOGO_CLIENTES,BASE TABLE,,93,HOLDDATETIME,TIMESTAMP_NTZ,YES,,
TRUSTED_CRM,DBO,CATALOGO_CLIENTES,BASE TABLE,,94,EXPIREDDATE,TIMESTAMP_NTZ,YES,,
TRUSTED_CRM,DBO,CATALOGO_CLIENTES,BASE TABLE,,95,ESIAMOUT,FLOAT,YES,,
TRUSTED_CRM,DBO,CATALOGO_CLIENTES,BASE TABLE,,96,ESDAMOUT,FLOAT,YES,,
TRUSTED_CRM,DBO,CATALOGO_CLIENTES,BASE TABLE,,97,CREATEDDATELEG,TIMESTAMP_NTZ,YES,,
TRUSTED_CRM,DBO,CATALOGO_CLIENTES,BASE TABLE,,98,MODIFIEDDATELEG,TIMESTAMP_NTZ,YES,,
TRUSTED_CRM,DBO,CATALOGO_CLIENTES,BASE TABLE,,99,INSERTIONDATE,TEXT,YES,,
TRUSTED_CRM,DBO,CICLO_DE_VIDA_HISTORICO,BASE TABLE,,1,CONTA_TA,NUMBER,NO,,
TRUSTED_CRM,DBO,CICLO_DE_VIDA_HISTORICO,BASE TABLE,,2,MES_VIGENCIA,TEXT,NO,,
TRUSTED_CRM,DBO,CICLO_DE_VIDA_HISTORICO,BASE TABLE,,3,CICLO_VIDA_EST_MES_ANTERIOR,TEXT,YES,,
TRUSTED_CRM,DBO,CICLO_DE_VIDA_HISTORICO,BASE TABLE,,4,CICLO_VIDA_EST,TEXT,YES,,
TRUSTED_CRM,DBO,CICLO_DE_VIDA_HISTORICO,BASE TABLE,,5,CICLO_VIDA_MES_ANTERIOR,TEXT,YES,,
TRUSTED_CRM,DBO,CICLO_DE_VIDA_HISTORICO,BASE TABLE,,6,CICLO_VIDA,TEXT,YES,,
TRUSTED_CRM,DBO,CICLO_DE_VIDA_HISTORICO,BASE TABLE,,8,TRANSACIONOU_NO_MES,TEXT,YES,,
TRUSTED_CRM,DBO,CICLO_DE_VIDA_HISTORICO,BASE TABLE,,9,TRANSACIONOU_FINANCEIRO_NO_MES,TEXT,YES,,
TRUSTED_CRM,DBO,CICLO_DE_VIDA_HISTORICO,BASE TABLE,,10,TRANSACIONOU_COBRANDED_NO_MES,TEXT,YES,,
TRUSTED_CRM,DBO,CICLO_DE_VIDA_HISTORICO,BASE TABLE,,11,TRANSACIONOU_CLUBE_NO_MES,TEXT,YES,,
TRUSTED_CRM,DBO,CICLO_DE_VIDA_HISTORICO,BASE TABLE,,12,TRANSACIONOU_VAREJO_NO_MES,TEXT,YES,,
TRUSTED_CRM,DBO,CICLO_DE_VIDA_HISTORICO,BASE TABLE,,13,TRANSACIONOU_ACUM_AEREO_NO_MES,TEXT,YES,,
TRUSTED_CRM,DBO,CICLO_DE_VIDA_HISTORICO,BASE TABLE,,14,TRANSACIONOU_RESG_AEREO_NO_MES,TEXT,YES,,
TRUSTED_CRM,DBO,CICLO_DE_VIDA_HISTORICO,BASE TABLE,,15,TRANSACIONOU_RESG_SHOPPING_NO_MES,TEXT,YES,,
TRUSTED_CRM,DBO,CICLO_DE_VIDA_HISTORICO,BASE TABLE,,16,DH_CARGA,TIMESTAMP_NTZ,YES,,
TRUSTED_CRM,DBO,CLASSIFICACAO_PARCEIROS,BASE TABLE,,1,PRT_ID,NUMBER,NO,,
TRUSTED_CRM,DBO,CLASSIFICACAO_PARCEIROS,BASE TABLE,,2,PRT_NAME,TEXT,YES,,
TRUSTED_CRM,DBO,CLASSIFICACAO_PARCEIROS,BASE TABLE,,3,PRT_CODE,TEXT,YES,,
TRUSTED_CRM,DBO,CLASSIFICACAO_PARCEIROS,BASE TABLE,,4,MACRO_SEGMENTO,TEXT,YES,,
TRUSTED_CRM,DBO,CLASSIFICACAO_PARCEIROS,BASE TABLE,,5,MICRO_SEGMENTO,TEXT,YES,,
TRUSTED_CRM,DBO,CLIENTES_IMPACTADOS,BASE TABLE,,1,PASSENGERID,NUMBER,YES,,
TRUSTED_CRM,DBO,CLIENTES_IMPACTADOS,BASE TABLE,,2,INVENTORYLEGID,NUMBER,YES,,
TRUSTED_CRM,DBO,CLIENTES_IMPACTADOS,BASE TABLE,,3,BOOKINGID,NUMBER,YES,,
TRUSTED_CRM,DBO,CLIENTES_IMPACTADOS,BASE TABLE,,4,RECORDLOCATOR,TEXT,YES,,
TRUSTED_CRM,DBO,CLIENTES_IMPACTADOS,BASE TABLE,,5,LIFTSTATUS,NUMBER,YES,,
TRUSTED_CRM,DBO,CLIENTES_IMPACTADOS,BASE TABLE,,6,FLG_LASTCHANGE,NUMBER,YES,,
TRUSTED_CRM,DBO,CLIENTES_IMPACTADOS,BASE TABLE,,7,REVENUE_FARE,NUMBER,YES,,
TRUSTED_CRM,DBO,CLIENTES_IMPACTADOS,BASE TABLE,,8,TRAVELCLASSCODE,TEXT,YES,,
TRUSTED_CRM,DBO,CLIENTES_IMPACTADOS,BASE TABLE,,9,CHANNEL_SALES,TEXT,YES,,
TRUSTED_CRM,DBO,CLIENTES_IMPACTADOS,BASE TABLE,,10,CHANNEL_CHECKIN,TEXT,YES,,
TRUSTED_CRM,DBO,CLIENTES_IMPACTADOS,BASE TABLE,,11,ID_GOLDENRECORD,NUMBER,YES,,
TRUSTED_CRM,DBO,CLIENTES_IMPACTADOS,BASE TABLE,,12,NAME,TEXT,YES,,
TRUSTED_CRM,DBO,CLIENTES_IMPACTADOS,BASE TABLE,,13,FIRSTNAME,TEXT,YES,,
TRUSTED_CRM,DBO,CLIENTES_IMPACTADOS,BASE TABLE,,14,PAXTYPE,TEXT,YES,,
TRUSTED_CRM,DBO,CLIENTES_IMPACTADOS,BASE TABLE,,15,FLG_CPF,NUMBER,YES,,
TRUSTED_CRM,DBO,CLIENTES_IMPACTADOS,BASE TABLE,,16,CPF,TEXT,YES,,
TRUSTED_CRM,DBO,CLIENTES_IMPACTADOS,BASE TABLE,,17,NUMBER_TA,TEXT,YES,,
TRUSTED_CRM,DBO,CLIENTES_IMPACTADOS,BASE TABLE,,18,TIER,TEXT,YES,,
TRUSTED_CRM,DBO,CLIENTES_IMPACTADOS,BASE TABLE,,19,GENDER,TEXT,YES,,
TRUSTED_CRM,DBO,CLIENTES_IMPACTADOS,BASE TABLE,,20,AGE_GROUP,TEXT,YES,,
TRUSTED_CRM,DBO,CLIENTES_IMPACTADOS,BASE TABLE,,21,FLG_TAIC,NUMBER,YES,,
TRUSTED_CRM,DBO,CLIENTES_IMPACTADOS,BASE TABLE,,22,FLG_PRE_APPROVED,NUMBER,YES,,
TRUSTED_CRM,DBO,CLIENTES_IMPACTADOS,BASE TABLE,,23,FLG_TA,NUMBER,YES,,
TRUSTED_CRM,DBO,CLIENTES_IMPACTADOS,BASE TABLE,,24,FLG_VIP,NUMBER,YES,,
TRUSTED_CRM,DBO,CLIENTES_IMPACTADOS,BASE TABLE,,25,FLG_MONITORED_CUSTOMER,NUMBER,YES,,
TRUSTED_CRM,DBO,CLIENTES_IMPACTADOS,BASE TABLE,,26,VIP_SOURCE,TEXT,YES,,
TRUSTED_CRM,DBO,CLIENTES_IMPACTADOS,BASE TABLE,,27,VIP_OCCUPATION,TEXT,YES,,
TRUSTED_CRM,DBO,CLIENTES_IMPACTADOS,BASE TABLE,,28,VIP_OCCUPATION_RESUME,TEXT,YES,,
TRUSTED_CRM,DBO,CLIENTES_IMPACTADOS,BASE TABLE,,29,FLG_MAIL,NUMBER,YES,,
TRUSTED_CRM,DBO,CLIENTES_IMPACTADOS,BASE TABLE,,30,FLG_PHONE,NUMBER,YES,,
TRUSTED_CRM,DBO,CLIENTES_IMPACTADOS,BASE TABLE,,31,PHONE1,TEXT,YES,,
TRUSTED_CRM,DBO,CLIENTES_IMPACTADOS,BASE TABLE,,32,PHONE2,TEXT,YES,,
TRUSTED_CRM,DBO,CLIENTES_IMPACTADOS,BASE TABLE,,33,PHONE3,TEXT,YES,,
TRUSTED_CRM,DBO,CLIENTES_IMPACTADOS,BASE TABLE,,34,MAIL1,TEXT,YES,,
TRUSTED_CRM,DBO,CLIENTES_IMPACTADOS,BASE TABLE,,35,MAIL2,TEXT,YES,,
TRUSTED_CRM,DBO,CLIENTES_IMPACTADOS,BASE TABLE,,36,MAIL3,TEXT,YES,,
TRUSTED_CRM,DBO,CLIENTES_IMPACTADOS,BASE TABLE,,37,FLG_MAIL_INFORMED,NUMBER,YES,,
TRUSTED_CRM,DBO,CLIENTES_IMPACTADOS,BASE TABLE,,38,FLG_MAIL_VALID,NUMBER,YES,,
TRUSTED_CRM,DBO,CLIENTES_IMPACTADOS,BASE TABLE,,39,FLG_PHONE_INFORMED,NUMBER,YES,,
TRUSTED_CRM,DBO,CLIENTES_IMPACTADOS,BASE TABLE,,40,FLG_PHONE_VALID,NUMBER,YES,,
TRUSTED_CRM,DBO,CLIENTES_IMPACTADOS,BASE TABLE,,41,CONTACT_COMPLETENESS,TEXT,YES,,
TRUSTED_CRM,DBO,CLIENTES_IMPACTADOS,BASE TABLE,,42,DOCUMENT_COMPLETENESS,TEXT,YES,,
TRUSTED_CRM,DBO,CLIENTES_IMPACTADOS,BASE TABLE,,43,FLIGHT_KEY,TEXT,YES,,
TRUSTED_CRM,DBO,CLIENTES_IMPACTADOS,BASE TABLE,,44,FLIGHT_NUMBER,TEXT,YES,,
TRUSTED_CRM,DBO,CLIENTES_IMPACTADOS,BASE TABLE,,45,SCHEDULED_DEPARTURE,TEXT,YES,,
TRUSTED_CRM,DBO,CLIENTES_IMPACTADOS,BASE TABLE,,46,SCHEDULED_ARRIVAL,TEXT,YES,,
TRUSTED_CRM,DBO,CLIENTES_IMPACTADOS,BASE TABLE,,47,STDUTC,TIMESTAMP_NTZ,YES,,
TRUSTED_CRM,DBO,CLIENTES_IMPACTADOS,BASE TABLE,,48,STDLOCAL,TIMESTAMP_NTZ,YES,,
TRUSTED_CRM,DBO,CLIENTES_IMPACTADOS,BASE TABLE,,49,SABRE_SERVICETYPE,TEXT,YES,,
TRUSTED_CRM,DBO,CLIENTES_IMPACTADOS,BASE TABLE,,50,FLG_INTERNATIONAL_FLIGHT,NUMBER,YES,,
TRUSTED_CRM,DBO,CLIENTES_IMPACTADOS,BASE TABLE,,51,EQUIPMENT_TYPE,TEXT,YES,,
TRUSTED_CRM,DBO,CLIENTES_IMPACTADOS,BASE TABLE,,52,EQUIPMENT_PREFIX,TEXT,YES,,
TRUSTED_CRM,DBO,CLIENTES_IMPACTADOS,BASE TABLE,,53,EQUIPMENT_CAPACITY,FLOAT,YES,,
TRUSTED_CRM,DBO,CLIENTES_IMPACTADOS,BASE TABLE,,54,EQUIPMENT_CHANGES,NUMBER,YES,,
TRUSTED_CRM,DBO,CLIENTES_IMPACTADOS,BASE TABLE,,55,SABRE_PASSENGER_COUNT,FLOAT,YES,,
TRUSTED_CRM,DBO,CLIENTES_IMPACTADOS,BASE TABLE,,56,FLIGHT_DIVERTED,NUMBER,YES,,
TRUSTED_CRM,DBO,CLIENTES_IMPACTADOS,BASE TABLE,,57,FLIGHT_CANCELLED,NUMBER,YES,,
TRUSTED_CRM,DBO,CLIENTES_IMPACTADOS,BASE TABLE,,58,FLIGHT_NORMAL,NUMBER,YES,,
TRUSTED_CRM,DBO,CLIENTES_IMPACTADOS,BASE TABLE,,59,FLIGHT_ONTIME,NUMBER,YES,,
TRUSTED_CRM,DBO,CLIENTES_IMPACTADOS,BASE TABLE,,60,FLIGHT_DELEYED,NUMBER,YES,,
TRUSTED_CRM,DBO,CLIENTES_IMPACTADOS,BASE TABLE,,61,FLIGHT_RETURNED,NUMBER,YES,,
TRUSTED_CRM,DBO,CLIENTES_IMPACTADOS,BASE TABLE,,62,FLIGHT_DEPARTURED,NUMBER,YES,,
TRUSTED_CRM,DBO,CLIENTES_IMPACTADOS,BASE TABLE,,63,FLIGHT_ARRIVED,NUMBER,YES,,
TRUSTED_CRM,DBO,CLIENTES_IMPACTADOS,BASE TABLE,,64,DELAY_DEPARTURE,NUMBER,YES,,
TRUSTED_CRM,DBO,CLIENTES_IMPACTADOS,BASE TABLE,,65,DELAY_DEPARTURE_RANGE,TEXT,YES,,
TRUSTED_CRM,DBO,CLIENTES_IMPACTADOS,BASE TABLE,,66,FLG_IMPACTED,NUMBER,YES,,
TRUSTED_CRM,DBO,CLIENTES_IMPACTADOS,BASE TABLE,,67,STATUS_FLIGHT,TEXT,YES,,
TRUSTED_CRM,DBO,CLIENTES_IMPACTADOS,BASE TABLE,,68,VOUCHER_QTY,NUMBER,YES,,
TRUSTED_CRM,DBO,CLIENTES_IMPACTADOS,BASE TABLE,,69,VOUCHER_TOTAL_BRL,NUMBER,YES,,
TRUSTED_CRM,DBO,CLIENTES_IMPACTADOS,BASE TABLE,,70,RECLAMATION_CHANNEL,TEXT,YES,,
TRUSTED_CRM,DBO,CLIENTES_IMPACTADOS,BASE TABLE,,71,JUDICIAL_PROCESS_QTY,TEXT,YES,,
TRUSTED_CRM,DBO,CLIENTES_IMPACTADOS,BASE TABLE,,72,VOUCHER_COMPENSATION_STATUS,TEXT,YES,,
TRUSTED_CRM,DBO,CLIENTES_IMPACTADOS,BASE TABLE,,73,FLG_APOLOGY_MAIL,NUMBER,YES,,
TRUSTED_CRM,DBO,CLIENTES_IMPACTADOS,BASE TABLE,,74,CALLCENTER_CALL_D7_QTY,NUMBER,YES,,
TRUSTED_CRM,DBO,CLIENTES_IMPACTADOS,BASE TABLE,,75,DH_CARGA,TIMESTAMP_NTZ,YES,,
TRUSTED_CRM,DBO,COMPORTAMENTAL_CAMPANHAS,BASE TABLE,,1,CUSTOMER_ID,TEXT,NO,,
TRUSTED_CRM,DBO,COMPORTAMENTAL_CAMPANHAS,BASE TABLE,,2,EMAILS_RECEBIDOS_90D,NUMBER,YES,,
TRUSTED_CRM,DBO,COMPORTAMENTAL_CAMPANHAS,BASE TABLE,,3,EMAILS_RECEBIDOS_60D,NUMBER,YES,,
TRUSTED_CRM,DBO,COMPORTAMENTAL_CAMPANHAS,BASE TABLE,,4,EMAILS_RECEBIDOS_30D,NUMBER,YES,,
TRUSTED_CRM,DBO,COMPORTAMENTAL_CAMPANHAS,BASE TABLE,,5,EMAILS_ABERTOS_90D,NUMBER,YES,,
TRUSTED_CRM,DBO,COMPORTAMENTAL_CAMPANHAS,BASE TABLE,,6,EMAILS_ABERTOS_60D,NUMBER,YES,,
TRUSTED_CRM,DBO,COMPORTAMENTAL_CAMPANHAS,BASE TABLE,,7,EMAILS_ABERTOS_30D,NUMBER,YES,,
TRUSTED_CRM,DBO,COMPORTAMENTAL_CAMPANHAS,BASE TABLE,,8,EMAILS_CLICADOS_90D,NUMBER,YES,,
TRUSTED_CRM,DBO,COMPORTAMENTAL_CAMPANHAS,BASE TABLE,,9,EMAILS_CLICADOS_60D,NUMBER,YES,,
TRUSTED_CRM,DBO,COMPORTAMENTAL_CAMPANHAS,BASE TABLE,,10,EMAILS_CLICADOS_30D,NUMBER,YES,,
TRUSTED_CRM,DBO,COMPORTAMENTAL_CAMPANHAS,BASE TABLE,,11,SMS_RECEBIDOS_90D,NUMBER,YES,,
TRUSTED_CRM,DBO,COMPORTAMENTAL_CAMPANHAS,BASE TABLE,,12,SMS_RECEBIDOS_60D,NUMBER,YES,,
TRUSTED_CRM,DBO,COMPORTAMENTAL_CAMPANHAS,BASE TABLE,,13,SMS_RECEBIDOS_30D,NUMBER,YES,,
TRUSTED_CRM,DBO,COMPORTAMENTAL_CAMPANHAS,BASE TABLE,,14,SMS_CLICADOS_90D,NUMBER,YES,,
TRUSTED_CRM,DBO,COMPORTAMENTAL_CAMPANHAS,BASE TABLE,,15,SMS_CLICADOS_60D,NUMBER,YES,,
TRUSTED_CRM,DBO,COMPORTAMENTAL_CAMPANHAS,BASE TABLE,,16,SMS_CLICADOS_30D,NUMBER,YES,,
TRUSTED_CRM,DBO,COMPORTAMENTAL_CAMPANHAS,BASE TABLE,,17,PUSHES_RECEBIDOS_90D,NUMBER,YES,,
TRUSTED_CRM,DBO,COMPORTAMENTAL_CAMPANHAS,BASE TABLE,,18,PUSHES_RECEBIDOS_60D,NUMBER,YES,,
TRUSTED_CRM,DBO,COMPORTAMENTAL_CAMPANHAS,BASE TABLE,,19,PUSHES_RECEBIDOS_30D,NUMBER,YES,,
TRUSTED_CRM,DBO,COMPORTAMENTAL_CAMPANHAS,BASE TABLE,,20,MKT_PROG_MAIS_RECEBIDO_EMAIL,TEXT,YES,,
TRUSTED_CRM,DBO,COMPORTAMENTAL_CAMPANHAS,BASE TABLE,,21,MKT_PROG_MAIS_CLICADO_EMAIL,TEXT,YES,,
TRUSTED_CRM,DBO,COMPORTAMENTAL_CAMPANHAS,BASE TABLE,,22,MKT_PROG_MAIS_RECEBIDO_SMS,TEXT,YES,,
TRUSTED_CRM,DBO,COMPORTAMENTAL_CAMPANHAS,BASE TABLE,,23,MKT_PROG_MAIS_CLICADO_SMS,TEXT,YES,,
TRUSTED_CRM,DBO,COMPORTAMENTAL_CAMPANHAS,BASE TABLE,,24,ENGAJAMENTO_ABERTURA_EMAIL,TEXT,YES,,
TRUSTED_CRM,DBO,COMPORTAMENTAL_CAMPANHAS,BASE TABLE,,25,ENGAJAMENTO_CLIQUE_SMS,TEXT,YES,,
TRUSTED_CRM,DBO,COMPORTAMENTAL_CAMPANHAS,BASE TABLE,,26,DATA_ATUALIZACAO,TIMESTAMP_NTZ,YES,,
TRUSTED_CRM,DBO,CONTAS_DISTINTAS_UNICAS,BASE TABLE,,1,CONTA_TA,NUMBER,NO,,
TRUSTED_CRM,DBO,CONTAS_DISTINTAS_UNICAS,BASE TABLE,,2,TAIC,NUMBER,YES,,
TRUSTED_CRM,DBO,CONTAS_DISTINTAS_UNICAS,BASE TABLE,,3,VARIANTE,TEXT,YES,,
TRUSTED_CRM,DBO,CONTAS_DISTINTAS_UNICAS,BASE TABLE,,4,TIER,TEXT,YES,,
TRUSTED_CRM,DBO,CONTAS_DISTINTAS_UNICAS,BASE TABLE,,5,PACOTE_CLUBE,TEXT,YES,,
TRUSTED_CRM,DBO,CONTAS_DISTINTAS_UNICAS,BASE TABLE,,6,STATUS_CLUBE,TEXT,YES,,
TRUSTED_CRM,DBO,CONTAS_DISTINTAS_UNICAS,BASE TABLE,,7,TIPO_CONTA,TEXT,YES,,
TRUSTED_CRM,DBO,CONTAS_DISTINTAS_UNICAS,BASE TABLE,,8,NOME_CANAL,TEXT,YES,,
TRUSTED_CRM,DBO,CONTAS_DISTINTAS_UNICAS,BASE TABLE,,9,DATA_NASCIMENTO,TIMESTAMP_NTZ,YES,,
TRUSTED_CRM,DBO,CONTAS_DISTINTAS_UNICAS,BASE TABLE,,10,GENERO,TEXT,YES,,
TRUSTED_CRM,DBO,CONTAS_DISTINTAS_UNICAS,BASE TABLE,,11,IDADE,NUMBER,YES,,
TRUSTED_CRM,DBO,CONTAS_DISTINTAS_UNICAS,BASE TABLE,,12,FAIXA_ETARIA,TEXT,YES,,
TRUSTED_CRM,DBO,CONTAS_DISTINTAS_UNICAS,BASE TABLE,,13,FAIXA_SALDO_DE_PONTOS,TEXT,YES,,
TRUSTED_CRM,DBO,CONTAS_DISTINTAS_UNICAS,BASE TABLE,,14,ESTADO,TEXT,YES,,
TRUSTED_CRM,DBO,CONTAS_DISTINTAS_UNICAS,BASE TABLE,,15,DATA_ULTIMA_ADESAO_COBRANDED,TIMESTAMP_NTZ,YES,,
TRUSTED_CRM,DBO,CONTAS_DISTINTAS_UNICAS,BASE TABLE,,16,DATA_ADESAO,TIMESTAMP_NTZ,YES,,
TRUSTED_CRM,DBO,CONTAS_DISTINTAS_UNICAS,BASE TABLE,,17,QTDE_LINHAS,NUMBER,YES,,
TRUSTED_CRM,DBO,CONTAS_DISTINTAS_UNICAS,BASE TABLE,,18,ULTIMA_ATUALIZACAO,TIMESTAMP_TZ,YES,,
TRUSTED_CRM,DBO,CONTAS_ESPECIAIS,BASE TABLE,,1,CONTA_TA,NUMBER,NO,,
TRUSTED_CRM,DBO,CONTAS_ESPECIAIS,BASE TABLE,,2,TIPO_CONTA,TEXT,YES,,
TRUSTED_CRM,DBO,CONTATOS_RESERVA,VIEW,,1,BOOKINGID,NUMBER,NO,,
TRUSTED_CRM,DBO,CONTATOS_RESERVA,VIEW,,2,HOMEPHONECODE,TEXT,YES,,
TRUSTED_CRM,DBO,CONTATOS_RESERVA,VIEW,,3,WORKPHONECODE,TEXT,YES,,
TRUSTED_CRM,DBO,CONTATOS_RESERVA,VIEW,,4,OTHERPHONECODE,TEXT,YES,,
TRUSTED_CRM,DBO,CONTATOS_RESERVA,VIEW,,5,EMAILADDRESS,TEXT,YES,,
TRUSTED_CRM,DBO,DADOS_CADASTRAIS,BASE TABLE,,1,NUMERO_TA,TEXT,YES,,
TRUSTED_CRM,DBO,DADOS_CADASTRAIS,BASE TABLE,,2,CONTA_TA,NUMBER,YES,,
TRUSTED_CRM,DBO,DADOS_CADASTRAIS,BASE TABLE,,3,TIPO_CONTA,TEXT,NO,,
TRUSTED_CRM,DBO,DADOS_CADASTRAIS,BASE TABLE,,4,DATA_ADESAO,TIMESTAMP_NTZ,YES,,
TRUSTED_CRM,DBO,DADOS_CADASTRAIS,BASE TABLE,,5,TIER,TEXT,YES,,
TRUSTED_CRM,DBO,DADOS_CADASTRAIS,BASE TABLE,,6,PACOTE_CLUBE,TEXT,YES,,
TRUSTED_CRM,DBO,DADOS_CADASTRAIS,BASE TABLE,,7,STATUS_CLUBE,TEXT,YES,,
TRUSTED_CRM,DBO,DADOS_CADASTRAIS,BASE TABLE,,8,VARIANTE,TEXT,YES,,
TRUSTED_CRM,DBO,DADOS_CADASTRAIS,BASE TABLE,,9,SALDO_DE_PONTOS,NUMBER,YES,,
TRUSTED_CRM,DBO,DADOS_CADASTRAIS,BASE TABLE,,10,FAIXA_SALDO_DE_PONTOS,TEXT,YES,,
TRUSTED_CRM,DBO,DADOS_TRANSACIONAIS,BASE TABLE,,1,CONTA_TA,NUMBER,NO,,
TRUSTED_CRM,DBO,DADOS_TRANSACIONAIS,BASE TABLE,,2,ACUMULO_FINANCEIRO_1M,NUMBER,YES,,
TRUSTED_CRM,DBO,DADOS_TRANSACIONAIS,BASE TABLE,,3,ACUMULO_FINANCEIRO_2M,NUMBER,YES,,
TRUSTED_CRM,DBO,DADOS_TRANSACIONAIS,BASE TABLE,,4,ACUMULO_FINANCEIRO_3M,NUMBER,YES,,
TRUSTED_CRM,DBO,DADOS_TRANSACIONAIS,BASE TABLE,,5,ACUMULO_FINANCEIRO_6M,NUMBER,YES,,
TRUSTED_CRM,DBO,DADOS_TRANSACIONAIS,BASE TABLE,,6,ACUMULO_FINANCEIRO_12M,NUMBER,YES,,
TRUSTED_CRM,DBO,DADOS_TRANSACIONAIS,BASE TABLE,,7,ACUMULO_FINANCEIRO_24M,NUMBER,YES,,
TRUSTED_CRM,DBO,DADOS_TRANSACIONAIS,BASE TABLE,,8,ACUMULO_FINANCEIRO_TOTAL,NUMBER,YES,,
TRUSTED_CRM,DBO,DADOS_TRANSACIONAIS,BASE TABLE,,9,ACUMULO_AEREO_1M,NUMBER,YES,,
TRUSTED_CRM,DBO,DADOS_TRANSACIONAIS,BASE TABLE,,10,ACUMULO_AEREO_2M,NUMBER,YES,,
TRUSTED_CRM,DBO,DADOS_TRANSACIONAIS,BASE TABLE,,11,ACUMULO_AEREO_3M,NUMBER,YES,,
TRUSTED_CRM,DBO,DADOS_TRANSACIONAIS,BASE TABLE,,12,ACUMULO_AEREO_6M,NUMBER,YES,,
TRUSTED_CRM,DBO,DADOS_TRANSACIONAIS,BASE TABLE,,13,ACUMULO_AEREO_12M,NUMBER,YES,,
TRUSTED_CRM,DBO,DADOS_TRANSACIONAIS,BASE TABLE,,14,ACUMULO_AEREO_24M,NUMBER,YES,,
TRUSTED_CRM,DBO,DADOS_TRANSACIONAIS,BASE TABLE,,15,ACUMULO_AEREO_TOTAL,NUMBER,YES,,
TRUSTED_CRM,DBO,DADOS_TRANSACIONAIS,BASE TABLE,,16,ACUMULO_CLUBE_1M,NUMBER,YES,,
TRUSTED_CRM,DBO,DADOS_TRANSACIONAIS,BASE TABLE,,17,ACUMULO_CLUBE_2M,NUMBER,YES,,
TRUSTED_CRM,DBO,DADOS_TRANSACIONAIS,BASE TABLE,,18,ACUMULO_CLUBE_3M,NUMBER,YES,,
TRUSTED_CRM,DBO,DADOS_TRANSACIONAIS,BASE TABLE,,19,ACUMULO_CLUBE_6M,NUMBER,YES,,
TRUSTED_CRM,DBO,DADOS_TRANSACIONAIS,BASE TABLE,,20,ACUMULO_CLUBE_12M,NUMBER,YES,,
TRUSTED_CRM,DBO,DADOS_TRANSACIONAIS,BASE TABLE,,21,ACUMULO_CLUBE_24M,NUMBER,YES,,
TRUSTED_CRM,DBO,DADOS_TRANSACIONAIS,BASE TABLE,,22,ACUMULO_CLUBE_TOTAL,NUMBER,YES,,
TRUSTED_CRM,DBO,DADOS_TRANSACIONAIS,BASE TABLE,,23,ACUMULO_AZUL_ITAUCARD_1M,NUMBER,YES,,
TRUSTED_CRM,DBO,DADOS_TRANSACIONAIS,BASE TABLE,,24,ACUMULO_AZUL_ITAUCARD_2M,NUMBER,YES,,
TRUSTED_CRM,DBO,DADOS_TRANSACIONAIS,BASE TABLE,,25,ACUMULO_AZUL_ITAUCARD_3M,NUMBER,YES,,
TRUSTED_CRM,DBO,DADOS_TRANSACIONAIS,BASE TABLE,,26,ACUMULO_AZUL_ITAUCARD_6M,NUMBER,YES,,
TRUSTED_CRM,DBO,DADOS_TRANSACIONAIS,BASE TABLE,,27,ACUMULO_AZUL_ITAUCARD_12M,NUMBER,YES,,
TRUSTED_CRM,DBO,DADOS_TRANSACIONAIS,BASE TABLE,,28,ACUMULO_AZUL_ITAUCARD_24M,NUMBER,YES,,
TRUSTED_CRM,DBO,DADOS_TRANSACIONAIS,BASE TABLE,,29,ACUMULO_AZUL_ITAUCARD_TOTAL,NUMBER,YES,,
TRUSTED_CRM,DBO,DADOS_TRANSACIONAIS,BASE TABLE,,30,ACUMULO_VAREJO_1M,NUMBER,YES,,
TRUSTED_CRM,DBO,DADOS_TRANSACIONAIS,BASE TABLE,,31,ACUMULO_VAREJO_2M,NUMBER,YES,,
TRUSTED_CRM,DBO,DADOS_TRANSACIONAIS,BASE TABLE,,32,ACUMULO_VAREJO_3M,NUMBER,YES,,
TRUSTED_CRM,DBO,DADOS_TRANSACIONAIS,BASE TABLE,,33,ACUMULO_VAREJO_6M,NUMBER,YES,,
TRUSTED_CRM,DBO,DADOS_TRANSACIONAIS,BASE TABLE,,34,ACUMULO_VAREJO_12M,NUMBER,YES,,
TRUSTED_CRM,DBO,DADOS_TRANSACIONAIS,BASE TABLE,,35,ACUMULO_VAREJO_24M,NUMBER,YES,,
TRUSTED_CRM,DBO,DADOS_TRANSACIONAIS,BASE TABLE,,36,ACUMULO_VAREJO_TOTAL,NUMBER,YES,,
TRUSTED_CRM,DBO,DADOS_TRANSACIONAIS,BASE TABLE,,37,ACUMULO_BUY_1M,NUMBER,YES,,
TRUSTED_CRM,DBO,DADOS_TRANSACIONAIS,BASE TABLE,,38,ACUMULO_BUY_2M,NUMBER,YES,,
TRUSTED_CRM,DBO,DADOS_TRANSACIONAIS,BASE TABLE,,39,ACUMULO_BUY_3M,NUMBER,YES,,
TRUSTED_CRM,DBO,DADOS_TRANSACIONAIS,BASE TABLE,,40,ACUMULO_BUY_6M,NUMBER,YES,,
TRUSTED_CRM,DBO,DADOS_TRANSACIONAIS,BASE TABLE,,41,ACUMULO_BUY_12M,NUMBER,YES,,
TRUSTED_CRM,DBO,DADOS_TRANSACIONAIS,BASE TABLE,,42,ACUMULO_BUY_24M,NUMBER,YES,,
TRUSTED_CRM,DBO,DADOS_TRANSACIONAIS,BASE TABLE,,43,ACUMULO_BUY_TOTAL,NUMBER,YES,,
TRUSTED_CRM,DBO,DADOS_TRANSACIONAIS,BASE TABLE,,44,ACUMULO_RENEW_1M,NUMBER,YES,,
TRUSTED_CRM,DBO,DADOS_TRANSACIONAIS,BASE TABLE,,45,ACUMULO_RENEW_2M,NUMBER,YES,,
TRUSTED_CRM,DBO,DADOS_TRANSACIONAIS,BASE TABLE,,46,ACUMULO_RENEW_3M,NUMBER,YES,,
TRUSTED_CRM,DBO,DADOS_TRANSACIONAIS,BASE TABLE,,47,ACUMULO_RENEW_6M,NUMBER,YES,,
TRUSTED_CRM,DBO,DADOS_TRANSACIONAIS,BASE TABLE,,48,ACUMULO_RENEW_12M,NUMBER,YES,,
TRUSTED_CRM,DBO,DADOS_TRANSACIONAIS,BASE TABLE,,49,ACUMULO_RENEW_24M,NUMBER,YES,,
TRUSTED_CRM,DBO,DADOS_TRANSACIONAIS,BASE TABLE,,50,ACUMULO_RENEW_TOTAL,NUMBER,YES,,
TRUSTED_CRM,DBO,DADOS_TRANSACIONAIS,BASE TABLE,,51,ACUMULO_TRANSFER_1M,NUMBER,YES,,
TRUSTED_CRM,DBO,DADOS_TRANSACIONAIS,BASE TABLE,,52,ACUMULO_TRANSFER_2M,NUMBER,YES,,
TRUSTED_CRM,DBO,DADOS_TRANSACIONAIS,BASE TABLE,,53,ACUMULO_TRANSFER_3M,NUMBER,YES,,
TRUSTED_CRM,DBO,DADOS_TRANSACIONAIS,BASE TABLE,,54,ACUMULO_TRANSFER_6M,NUMBER,YES,,
TRUSTED_CRM,DBO,DADOS_TRANSACIONAIS,BASE TABLE,,55,ACUMULO_TRANSFER_12M,NUMBER,YES,,
TRUSTED_CRM,DBO,DADOS_TRANSACIONAIS,BASE TABLE,,56,ACUMULO_TRANSFER_24M,NUMBER,YES,,
TRUSTED_CRM,DBO,DADOS_TRANSACIONAIS,BASE TABLE,,57,ACUMULO_TRANSFER_TOTAL,NUMBER,YES,,
TRUSTED_CRM,DBO,DADOS_TRANSACIONAIS,BASE TABLE,,58,RESGATE_AEREO_1M,NUMBER,YES,,
TRUSTED_CRM,DBO,DADOS_TRANSACIONAIS,BASE TABLE,,59,RESGATE_AEREO_2M,NUMBER,YES,,
TRUSTED_CRM,DBO,DADOS_TRANSACIONAIS,BASE TABLE,,60,RESGATE_AEREO_3M,NUMBER,YES,,
TRUSTED_CRM,DBO,DADOS_TRANSACIONAIS,BASE TABLE,,61,RESGATE_AEREO_6M,NUMBER,YES,,
TRUSTED_CRM,DBO,DADOS_TRANSACIONAIS,BASE TABLE,,62,RESGATE_AEREO_12M,NUMBER,YES,,
TRUSTED_CRM,DBO,DADOS_TRANSACIONAIS,BASE TABLE,,63,RESGATE_AEREO_24M,NUMBER,YES,,
TRUSTED_CRM,DBO,DADOS_TRANSACIONAIS,BASE TABLE,,64,RESGATE_AEREO_TOTAL,NUMBER,YES,,
TRUSTED_CRM,DBO,DADOS_TRANSACIONAIS,BASE TABLE,,65,RESGATE_SHOPPING_1M,NUMBER,YES,,
TRUSTED_CRM,DBO,DADOS_TRANSACIONAIS,BASE TABLE,,66,RESGATE_SHOPPING_2M,NUMBER,YES,,
TRUSTED_CRM,DBO,DADOS_TRANSACIONAIS,BASE TABLE,,67,RESGATE_SHOPPING_3M,NUMBER,YES,,
TRUSTED_CRM,DBO,DADOS_TRANSACIONAIS,BASE TABLE,,68,RESGATE_SHOPPING_6M,NUMBER,YES,,
TRUSTED_CRM,DBO,DADOS_TRANSACIONAIS,BASE TABLE,,69,RESGATE_SHOPPING_12M,NUMBER,YES,,
TRUSTED_CRM,DBO,DADOS_TRANSACIONAIS,BASE TABLE,,70,RESGATE_SHOPPING_24M,NUMBER,YES,,
TRUSTED_CRM,DBO,DADOS_TRANSACIONAIS,BASE TABLE,,71,RESGATE_SHOPPING_TOTAL,NUMBER,YES,,
TRUSTED_CRM,DBO,DADOS_TRANSACIONAIS,BASE TABLE,,72,PONTOS_EXPIRADOS_1M,NUMBER,YES,,
TRUSTED_CRM,DBO,DADOS_TRANSACIONAIS,BASE TABLE,,73,PONTOS_EXPIRADOS_2M,NUMBER,YES,,
TRUSTED_CRM,DBO,DADOS_TRANSACIONAIS,BASE TABLE,,74,PONTOS_EXPIRADOS_3M,NUMBER,YES,,
TRUSTED_CRM,DBO,DADOS_TRANSACIONAIS,BASE TABLE,,75,PONTOS_EXPIRADOS_6M,NUMBER,YES,,
TRUSTED_CRM,DBO,DADOS_TRANSACIONAIS,BASE TABLE,,76,PONTOS_EXPIRADOS_12M,NUMBER,YES,,
TRUSTED_CRM,DBO,DADOS_TRANSACIONAIS,BASE TABLE,,77,PONTOS_EXPIRADOS_24M,NUMBER,YES,,
TRUSTED_CRM,DBO,DADOS_TRANSACIONAIS,BASE TABLE,,78,PONTOS_EXPIRADOS_TOTAL,NUMBER,YES,,
TRUSTED_CRM,DBO,DADOS_TRANSACIONAIS,BASE TABLE,,79,TRECHOS_AEREO_1M,NUMBER,YES,,
TRUSTED_CRM,DBO,DADOS_TRANSACIONAIS,BASE TABLE,,80,TRECHOS_AEREO_2M,NUMBER,YES,,
TRUSTED_CRM,DBO,DADOS_TRANSACIONAIS,BASE TABLE,,81,TRECHOS_AEREO_3M,NUMBER,YES,,
TRUSTED_CRM,DBO,DADOS_TRANSACIONAIS,BASE TABLE,,82,TRECHOS_AEREO_6M,NUMBER,YES,,
TRUSTED_CRM,DBO,DADOS_TRANSACIONAIS,BASE TABLE,,83,TRECHOS_AEREO_12M,NUMBER,YES,,
TRUSTED_CRM,DBO,DADOS_TRANSACIONAIS,BASE TABLE,,84,TRECHOS_AEREO_24M,NUMBER,YES,,
TRUSTED_CRM,DBO,DADOS_TRANSACIONAIS,BASE TABLE,,85,TRECHOS_AEREO_TOTAL,NUMBER,YES,,
TRUSTED_CRM,DBO,DADOS_TRANSACIONAIS,BASE TABLE,,86,ATUALIZACAO_PONTOS_TRANSACAO_CSA,TIMESTAMP_NTZ,YES,,
TRUSTED_CRM,DBO,DADOS_TRANSACIONAIS,BASE TABLE,,87,QTDE_TRANSACOES_FINANCEIRO,NUMBER,YES,,
TRUSTED_CRM,DBO,DADOS_TRANSACIONAIS,BASE TABLE,,88,MENOR_DATA_FIN,TEXT,YES,,
TRUSTED_CRM,DBO,DADOS_TRANSACIONAIS,BASE TABLE,,89,QTDE_TRANSACOES_COBRANDED,NUMBER,YES,,
TRUSTED_CRM,DBO,DADOS_TRANSACIONAIS,BASE TABLE,,90,MENOR_DATA_COB,TEXT,YES,,
TRUSTED_CRM,DBO,DADOS_TRANSACIONAIS,BASE TABLE,,91,QTDE_TRANSACOES_CLUBE,NUMBER,YES,,
TRUSTED_CRM,DBO,DADOS_TRANSACIONAIS,BASE TABLE,,92,MENOR_DATA_CLUBE,TEXT,YES,,
TRUSTED_CRM,DBO,DADOS_TRANSACIONAIS,BASE TABLE,,93,QTDE_TRANSACOES_VAREJO,NUMBER,YES,,
TRUSTED_CRM,DBO,DADOS_TRANSACIONAIS,BASE TABLE,,94,MENOR_DATA_VAR,TEXT,YES,,
TRUSTED_CRM,DBO,DADOS_TRANSACIONAIS,BASE TABLE,,95,QTDE_TRANSACOES_ACUM_AEREO,NUMBER,YES,,
TRUSTED_CRM,DBO,DADOS_TRANSACIONAIS,BASE TABLE,,96,MENOR_DATA_ACUM_AEREO,TEXT,YES,,
TRUSTED_CRM,DBO,DADOS_TRANSACIONAIS,BASE TABLE,,97,QTDE_TRANSACOES_RESG_AEREO,NUMBER,YES,,
TRUSTED_CRM,DBO,DADOS_TRANSACIONAIS,BASE TABLE,,98,MENOR_DATA_RESG_AEREO,TEXT,YES,,
TRUSTED_CRM,DBO,DADOS_TRANSACIONAIS,BASE TABLE,,99,QTDE_TRANSACOES_RESG_SHOPPING,NUMBER,YES,,
TRUSTED_CRM,DBO,DADOS_TRANSACIONAIS,BASE TABLE,,100,MENOR_DATA_RESG_SHOP,TEXT,YES,,
TRUSTED_CRM,DBO,DADOS_TRANSACIONAIS,BASE TABLE,,101,QTD_TRN,NUMBER,YES,,
TRUSTED_CRM,DBO,DADOS_TRANSACIONAIS,BASE TABLE,,102,QTD_TRN_01,NUMBER,YES,,
TRUSTED_CRM,DBO,DADOS_TRANSACIONAIS,BASE TABLE,,103,QTD_TRN_02,NUMBER,YES,,
TRUSTED_CRM,DBO,DADOS_TRANSACIONAIS,BASE TABLE,,104,QTD_TRN_03,NUMBER,YES,,
TRUSTED_CRM,DBO,DADOS_TRANSACIONAIS,BASE TABLE,,105,QTD_TRN_04,NUMBER,YES,,
TRUSTED_CRM,DBO,DADOS_TRANSACIONAIS,BASE TABLE,,106,QTD_TRN_06,NUMBER,YES,,
TRUSTED_CRM,DBO,DADOS_TRANSACIONAIS,BASE TABLE,,107,QTD_TRN_12,NUMBER,YES,,
TRUSTED_CRM,DBO,DADOS_TRANSACIONAIS,BASE TABLE,,108,QTD_TRN_18,NUMBER,YES,,
TRUSTED_CRM,DBO,DADOS_TRANSACIONAIS,BASE TABLE,,109,QTD_TRN_24,NUMBER,YES,,
TRUSTED_CRM,DBO,DADOS_TRANSACIONAIS,BASE TABLE,,110,QTDE_TRANSACOES_TOTAL,NUMBER,YES,,
TRUSTED_CRM,DBO,DICT_CHANNELS,BASE TABLE,,1,DIT_CODE,TEXT,NO,,
TRUSTED_CRM,DBO,DICT_CHANNELS,BASE TABLE,,2,DIT_NAME,TEXT,YES,,
TRUSTED_CRM,DBO,EMAIL_NSK_BLACKLIST,VIEW,,1,PROVEDOR,TEXT,YES,,
TRUSTED_CRM,DBO,EMAIL_NSK_BLACKLIST,VIEW,,2,FREQ,NUMBER,YES,,
TRUSTED_CRM,DBO,EXCEPTION_SEGMENTO,BASE TABLE,,1,ID_TRANSACAO,NUMBER,NO,,
TRUSTED_CRM,DBO,EXCEPTION_SEGMENTO,BASE TABLE,,2,MACRO_SEGMENTO,TEXT,YES,,
TRUSTED_CRM,DBO,EXCEPTION_SEGMENTO,BASE TABLE,,3,MICRO_SEGMENTO,TEXT,YES,,
TRUSTED_CRM,DBO,EXT_CALENDAR_AZUL,BASE TABLE,,1,DATA,DATE,YES,,
TRUSTED_CRM,DBO,EXT_CALENDAR_AZUL,BASE TABLE,,2,BAIXA_TEMPORADA,BOOLEAN,YES,,
TRUSTED_CRM,DBO,EXT_CALENDAR_AZUL,BASE TABLE,,3,ALTA_TEMPORADA,BOOLEAN,YES,,
TRUSTED_CRM,DBO,EXT_CALENDAR_AZUL,BASE TABLE,,4,ALTA_VERAO,BOOLEAN,YES,,
TRUSTED_CRM,DBO,EXT_CALENDAR_AZUL,BASE TABLE,,5,ALTA_INVERNO,BOOLEAN,YES,,
TRUSTED_CRM,DBO,EXT_CALENDAR_AZUL,BASE TABLE,,6,FERIADO,BOOLEAN,YES,,
TRUSTED_CRM,DBO,EXT_CALENDAR_AZUL,BASE TABLE,,7,DESCRICAO,TEXT,YES,,
TRUSTED_CRM,DBO,EXT_CALENDAR_AZUL,BASE TABLE,,8,DESCRICAO_ORIGINAL,TEXT,YES,,
TRUSTED_CRM,DBO,HISTORICO_SCORE_FIDELIDADE,BASE TABLE,,1,DT_ATUALIZACAO,DATE,YES,,
TRUSTED_CRM,DBO,HISTORICO_SCORE_FIDELIDADE,BASE TABLE,,2,EMAIL_VALIDADO,NUMBER,YES,,
TRUSTED_CRM,DBO,HISTORICO_SCORE_FIDELIDADE,BASE TABLE,,3,EMAIL_N_VALIDADO,NUMBER,YES,,
TRUSTED_CRM,DBO,HISTORICO_SCORE_FIDELIDADE,BASE TABLE,,4,PHONE_VALIDADO,NUMBER,YES,,
TRUSTED_CRM,DBO,HISTORICO_SCORE_FIDELIDADE,BASE TABLE,,5,PHONE_N_VALIDADO,NUMBER,YES,,
TRUSTED_CRM,DBO,HISTORICO_SCORE_FIDELIDADE,BASE TABLE,,6,DEVICE_VALIDADO,NUMBER,YES,,
TRUSTED_CRM,DBO,HISTORICO_SCORE_FIDELIDADE,BASE TABLE,,7,DEVICE_N_VALIDADO,NUMBER,YES,,
TRUSTED_CRM,DBO,HISTORICO_TIERS,BASE TABLE,,1,MES_REFERENCIA,TIMESTAMP_NTZ,NO,,
TRUSTED_CRM,DBO,HISTORICO_TIERS,BASE TABLE,,2,ID_CONSUMIDOR,NUMBER,NO,,
TRUSTED_CRM,DBO,HISTORICO_TIERS,BASE TABLE,,3,INICIO_TIER,TIMESTAMP_NTZ,YES,,
TRUSTED_CRM,DBO,HISTORICO_TIERS,BASE TABLE,,4,FIM_TIER,TIMESTAMP_NTZ,YES,,
TRUSTED_CRM,DBO,HISTORICO_TIERS,BASE TABLE,,5,TIER,TEXT,YES,,
TRUSTED_CRM,DBO,HISTORICO_TIERS,BASE TABLE,,6,PRIORIDADE_TIER,NUMBER,YES,,
TRUSTED_CRM,DBO,HISTORICO_TIERS,BASE TABLE,,7,STATUS,TEXT,YES,,
TRUSTED_CRM,DBO,HISTORICO_TIERS,BASE TABLE,,8,DATA_MAXIMA_CSA,TIMESTAMP_NTZ,YES,,
TRUSTED_CRM,DBO,HISTORICO_TIERS,BASE TABLE,,9,ULTIMA_ATUALIZACAO,TIMESTAMP_TZ,YES,,
TRUSTED_CRM,DBO,NEW_TRANSACTION_DESC,BASE TABLE,,1,RECORDID,NUMBER,YES,,
TRUSTED_CRM,DBO,NEW_TRANSACTION_DESC,BASE TABLE,,2,PTP_ID,NUMBER,YES,,
TRUSTED_CRM,DBO,NEW_TRANSACTION_DESC,BASE TABLE,,3,PTP_CODE,TEXT,YES,,
TRUSTED_CRM,DBO,NEW_TRANSACTION_DESC,BASE TABLE,,4,PTP_NAME,TEXT,YES,,
TRUSTED_CRM,DBO,NEW_TRANSACTION_DESC,BASE TABLE,,5,CODIGO_PARCEIRO,TEXT,YES,,
TRUSTED_CRM,DBO,NEW_TRANSACTION_DESC,BASE TABLE,,6,STATUS,TEXT,YES,,
TRUSTED_CRM,DBO,NEW_TRANSACTION_DESC,BASE TABLE,,7,LIABILITY,TEXT,YES,,
TRUSTED_CRM,DBO,NEW_TRANSACTION_DESC,BASE TABLE,,8,BREAKAGE,TEXT,YES,,
TRUSTED_CRM,DBO,NEW_TRANSACTION_DESC,BASE TABLE,,9,TEMPO_EXPIRACAO_PONTOS,NUMBER,YES,,
TRUSTED_CRM,DBO,NEW_TRANSACTION_DESC,BASE TABLE,,10,TIPO_PONTO,TEXT,YES,,
TRUSTED_CRM,DBO,NEW_TRANSACTION_DESC,BASE TABLE,,11,MACRO_SEGMENTO,TEXT,YES,,
TRUSTED_CRM,DBO,NEW_TRANSACTION_DESC,BASE TABLE,,12,MICRO_SEGMENTO,TEXT,YES,,
TRUSTED_CRM,DBO,NEW_TRANSACTION_DESC,BASE TABLE,,13,B2E_BURN,TEXT,YES,,
TRUSTED_CRM,DBO,NEW_TRANSACTION_DESC,BASE TABLE,,14,DW_LAST_UPDATE,TIMESTAMP_NTZ,YES,,
TRUSTED_CRM,DBO,NEW_TRANSACTION_DESC,BASE TABLE,,15,GRUPO_PARCEIRO,TEXT,YES,,
TRUSTED_CRM,DBO,NEW_TRANSACTION_DESC,BASE TABLE,,16,FATURAVEL,TEXT,YES,,
TRUSTED_CRM,DBO,NEW_TRANSACTION_DESC,BASE TABLE,,17,DH_CARGA,TIMESTAMP_NTZ,YES,,
TRUSTED_CRM,DBO,OFERTA_RECEITA_AUXILIAR_PUSH,BASE TABLE,,1,CUSTOMER_ID,TEXT,NO,,
TRUSTED_CRM,DBO,OFERTA_RECEITA_AUXILIAR_PUSH,BASE TABLE,,2,BOOKING_ID,NUMBER,NO,,
TRUSTED_CRM,DBO,OFERTA_RECEITA_AUXILIAR_PUSH,BASE TABLE,,3,JOURNEY_NUMBER,NUMBER,NO,,
TRUSTED_CRM,DBO,OFERTA_RECEITA_AUXILIAR_PUSH,BASE TABLE,,4,SNAPSHOT,TEXT,NO,,
TRUSTED_CRM,DBO,OFERTA_RECEITA_AUXILIAR_PUSH,BASE TABLE,,5,SNAPSHOT_TYPE,TEXT,NO,,
TRUSTED_CRM,DBO,OFERTA_RECEITA_AUXILIAR_PUSH,BASE TABLE,,6,SNAPSHOT_START_UTC,TIMESTAMP_NTZ,NO,,
TRUSTED_CRM,DBO,OFERTA_RECEITA_AUXILIAR_PUSH,BASE TABLE,,7,SNAPSHOT_END_UTC,TIMESTAMP_NTZ,NO,,
TRUSTED_CRM,DBO,OFERTA_RECEITA_AUXILIAR_PUSH,BASE TABLE,,8,QTY_PASSENGER,NUMBER,NO,,
TRUSTED_CRM,DBO,OFERTA_RECEITA_AUXILIAR_PUSH,BASE TABLE,,9,RECORD_LOCATOR,TEXT,YES,,
TRUSTED_CRM,DBO,OFERTA_RECEITA_AUXILIAR_PUSH,BASE TABLE,,10,PASSENGER_ID,NUMBER,YES,,
TRUSTED_CRM,DBO,OFERTA_RECEITA_AUXILIAR_PUSH,BASE TABLE,,11,CUSTOMER_EMAIL,TEXT,YES,,
TRUSTED_CRM,DBO,OFERTA_RECEITA_AUXILIAR_PUSH,BASE TABLE,,12,CUSTOMER_FIRST_NAME,TEXT,YES,,
TRUSTED_CRM,DBO,OFERTA_RECEITA_AUXILIAR_PUSH,BASE TABLE,,13,JOURNEY_DEPARTURE_STATION,TEXT,YES,,
TRUSTED_CRM,DBO,OFERTA_RECEITA_AUXILIAR_PUSH,BASE TABLE,,14,JOURNEY_DEPARTURE_DATE_LOCAL,TIMESTAMP_NTZ,YES,,
TRUSTED_CRM,DBO,OFERTA_RECEITA_AUXILIAR_PUSH,BASE TABLE,,15,JOURNEY_DEPARTURE_DATE_UTC,TIMESTAMP_NTZ,YES,,
TRUSTED_CRM,DBO,OFERTA_RECEITA_AUXILIAR_PUSH,BASE TABLE,,16,JOURNEY_ARRIVAL_STATION,TEXT,YES,,
TRUSTED_CRM,DBO,OFERTA_RECEITA_AUXILIAR_PUSH,BASE TABLE,,17,JOURNEY_ARRIVAL_DATE_LOCAL,TIMESTAMP_NTZ,YES,,
TRUSTED_CRM,DBO,OFERTA_RECEITA_AUXILIAR_PUSH,BASE TABLE,,18,FLG_PAID_FARE,TEXT,YES,,
TRUSTED_CRM,DBO,OFERTA_RECEITA_AUXILIAR_PUSH,BASE TABLE,,19,FLG_INTERNATIONAL,TEXT,YES,,
TRUSTED_CRM,DBO,OFERTA_RECEITA_AUXILIAR_PUSH,BASE TABLE,,20,QTY_OFFER_SEATS,NUMBER,YES,,
TRUSTED_CRM,DBO,OFERTA_RECEITA_AUXILIAR_PUSH,BASE TABLE,,21,QTY_OFFER_UPGRADE,NUMBER,YES,,
TRUSTED_CRM,DBO,OFERTA_RECEITA_AUXILIAR_PUSH,BASE TABLE,,22,OFFER_TYPE,TEXT,YES,,
TRUSTED_CRM,DBO,OFERTA_RECEITA_AUXILIAR_PUSH,BASE TABLE,,23,FLG_LOUNGE_DEPARTURE,TEXT,YES,,
TRUSTED_CRM,DBO,OFERTA_RECEITA_AUXILIAR_PUSH,BASE TABLE,,24,FLG_LOUNGE_CONNECTION,TEXT,YES,,
TRUSTED_CRM,DBO,OFERTA_RECEITA_AUXILIAR_PUSH,BASE TABLE,,25,LOUNGE_TIME,FLOAT,YES,,
TRUSTED_CRM,DBO,OFERTA_RECEITA_AUXILIAR_PUSH,BASE TABLE,,26,CUSTOMER_TIER,TEXT,YES,,
TRUSTED_CRM,DBO,OFERTA_RECEITA_AUXILIAR_PUSH,BASE TABLE,,27,FLG_CHECKIN,TEXT,YES,,
TRUSTED_CRM,DBO,OFERTA_RECEITA_AUXILIAR_PUSH,BASE TABLE,,28,FLG_ASSIGNED_SEAT,TEXT,YES,,
TRUSTED_CRM,DBO,OFERTA_RECEITA_AUXILIAR_PUSH,BASE TABLE,,29,SEAT_NUMBER,TEXT,YES,,
TRUSTED_CRM,DBO,OFERTA_RECEITA_AUXILIAR_PUSH,BASE TABLE,,30,SEAT_TYPE,TEXT,YES,,
TRUSTED_CRM,DBO,OFERTA_RECEITA_AUXILIAR_PUSH,BASE TABLE,,31,FARE_TYPE,TEXT,YES,,
TRUSTED_CRM,DBO,OFERTA_RECEITA_AUXILIAR_PUSH,BASE TABLE,,32,CLASS_TYPE,TEXT,YES,,
TRUSTED_CRM,DBO,OFERTA_RECEITA_AUXILIAR_PUSH,BASE TABLE,,33,FLG_CLASS_UPGRADED,TEXT,YES,,
TRUSTED_CRM,DBO,OFERTA_RECEITA_AUXILIAR_PUSH,BASE TABLE,,34,EXTRACTION_DATE_UTC,TIMESTAMP_NTZ,YES,,
TRUSTED_CRM,DBO,OFERTA_RECEITA_AUXILIAR_PUSH,BASE TABLE,,35,RESPONSYS_SENT_DATE,TIMESTAMP_NTZ,YES,,
TRUSTED_CRM,DBO,OFERTA_RECEITA_AUXILIAR_PUSH,BASE TABLE,,36,RESPONSYS_REPONSE,TEXT,YES,,
TRUSTED_CRM,DBO,OFERTA_RECEITA_AUXILIAR_PUSH,BASE TABLE,,37,API_RESPONSE_STATUS,NUMBER,YES,,
TRUSTED_CRM,DBO,OFERTA_RECEITA_AUXILIAR_PUSH,BASE TABLE,,38,UPDATE_UTC,TIMESTAMP_NTZ,YES,,
TRUSTED_CRM,DBO,OFERTA_RECEITA_AUXILIAR_PUSH,BASE TABLE,,39,DH_CARGA,TIMESTAMP_NTZ,YES,,
TRUSTED_CRM,DBO,PAINEL_IDENTIFICACAO_CLIENTES,BASE TABLE,,1,PASSENGERID,NUMBER,NO,,
TRUSTED_CRM,DBO,PAINEL_IDENTIFICACAO_CLIENTES,BASE TABLE,,2,JOURNEYNUMBER,NUMBER,NO,,
TRUSTED_CRM,DBO,PAINEL_IDENTIFICACAO_CLIENTES,BASE TABLE,,3,RECORDLOCATOR,TEXT,YES,,
TRUSTED_CRM,DBO,PAINEL_IDENTIFICACAO_CLIENTES,BASE TABLE,,4,BOOKINGID,NUMBER,YES,,
TRUSTED_CRM,DBO,PAINEL_IDENTIFICACAO_CLIENTES,BASE TABLE,,5,BOOKINGDATE,TIMESTAMP_NTZ,YES,,
TRUSTED_CRM,DBO,PAINEL_IDENTIFICACAO_CLIENTES,BASE TABLE,,6,CANCELEDUTC,TIMESTAMP_NTZ,YES,,
TRUSTED_CRM,DBO,PAINEL_IDENTIFICACAO_CLIENTES,BASE TABLE,,7,HOLDUTC,TIMESTAMP_NTZ,YES,,
TRUSTED_CRM,DBO,PAINEL_IDENTIFICACAO_CLIENTES,BASE TABLE,,8,FLAGBOOKINGCONFIRMED,NUMBER,YES,,
TRUSTED_CRM,DBO,PAINEL_IDENTIFICACAO_CLIENTES,BASE TABLE,,9,SALESCHANNEL,TEXT,YES,,
TRUSTED_CRM,DBO,PAINEL_IDENTIFICACAO_CLIENTES,BASE TABLE,,10,SALESCHANNELSEGMENT,TEXT,YES,,
TRUSTED_CRM,DBO,PAINEL_IDENTIFICACAO_CLIENTES,BASE TABLE,,11,CHECKIN_CHANNEL,TEXT,YES,,
TRUSTED_CRM,DBO,PAINEL_IDENTIFICACAO_CLIENTES,BASE TABLE,,12,CHECKINCHANNELSEGMENT,TEXT,YES,,
TRUSTED_CRM,DBO,PAINEL_IDENTIFICACAO_CLIENTES,BASE TABLE,,13,CHECKINDATE,TIMESTAMP_NTZ,YES,,
TRUSTED_CRM,DBO,PAINEL_IDENTIFICACAO_CLIENTES,BASE TABLE,,14,FLAGCHECKIN,NUMBER,YES,,
TRUSTED_CRM,DBO,PAINEL_IDENTIFICACAO_CLIENTES,BASE TABLE,,15,CHECKINWINDOW,TIMESTAMP_NTZ,YES,,
TRUSTED_CRM,DBO,PAINEL_IDENTIFICACAO_CLIENTES,BASE TABLE,,16,DEPARTUREDATE,TIMESTAMP_NTZ,YES,,
TRUSTED_CRM,DBO,PAINEL_IDENTIFICACAO_CLIENTES,BASE TABLE,,17,DEPARTUEDATESUTC,ARRAY,YES,,
TRUSTED_CRM,DBO,PAINEL_IDENTIFICACAO_CLIENTES,BASE TABLE,,18,ITINERARYSENTDATESUTC,ARRAY,YES,,
TRUSTED_CRM,DBO,PAINEL_IDENTIFICACAO_CLIENTES,BASE TABLE,,19,FLAG_TA_COMPRA,NUMBER,YES,,
TRUSTED_CRM,DBO,PAINEL_IDENTIFICACAO_CLIENTES,BASE TABLE,,20,FLAG_TA_NACOMPRA,NUMBER,YES,,
TRUSTED_CRM,DBO,PAINEL_IDENTIFICACAO_CLIENTES,BASE TABLE,,21,FLAG_TA_CHECKIN,NUMBER,YES,,
TRUSTED_CRM,DBO,PAINEL_IDENTIFICACAO_CLIENTES,BASE TABLE,,22,FLAG_CPF_COMPRA,NUMBER,YES,,
TRUSTED_CRM,DBO,PAINEL_IDENTIFICACAO_CLIENTES,BASE TABLE,,23,FLAG_CPF_NACOMPRA,NUMBER,YES,,
TRUSTED_CRM,DBO,PAINEL_IDENTIFICACAO_CLIENTES,BASE TABLE,,24,FLAG_CPF_CHECKIN,NUMBER,YES,,
TRUSTED_CRM,DBO,PAINEL_IDENTIFICACAO_CLIENTES,BASE TABLE,,25,FLAG_EMAIL_COMPRA,NUMBER,YES,,
TRUSTED_CRM,DBO,PAINEL_IDENTIFICACAO_CLIENTES,BASE TABLE,,26,FLAG_EMAIL_CHECKIN,NUMBER,YES,,
TRUSTED_CRM,DBO,PAINEL_IDENTIFICACAO_CLIENTES,BASE TABLE,,27,FLAG_PHONE_COMPRA,NUMBER,YES,,
TRUSTED_CRM,DBO,PAINEL_IDENTIFICACAO_CLIENTES,BASE TABLE,,28,FLAG_PHONE_CHECKIN,NUMBER,YES,,
TRUSTED_CRM,DBO,PAINEL_IDENTIFICACAO_CLIENTES,BASE TABLE,,29,EMAIL_COMPRA_TEM_GR,NUMBER,YES,,
TRUSTED_CRM,DBO,PAINEL_IDENTIFICACAO_CLIENTES,BASE TABLE,,30,EMAIL_CHECKIN_TEM_GR,NUMBER,YES,,
TRUSTED_CRM,DBO,PAINEL_IDENTIFICACAO_CLIENTES,BASE TABLE,,31,EMAIL_COMPRA_CHECK,NUMBER,YES,,
TRUSTED_CRM,DBO,PAINEL_IDENTIFICACAO_CLIENTES,BASE TABLE,,32,EMAIL_CHECKIN_CHECK,NUMBER,YES,,
TRUSTED_CRM,DBO,PAINEL_IDENTIFICACAO_CLIENTES,BASE TABLE,,33,PHONE_COMPRA_TEM_GR,NUMBER,YES,,
TRUSTED_CRM,DBO,PAINEL_IDENTIFICACAO_CLIENTES,BASE TABLE,,34,PHONE_CHECKIN_TEM_GR,NUMBER,YES,,
TRUSTED_CRM,DBO,PAINEL_IDENTIFICACAO_CLIENTES,BASE TABLE,,35,PHONE_COMPRA_CHECK,NUMBER,YES,,
TRUSTED_CRM,DBO,PAINEL_IDENTIFICACAO_CLIENTES,BASE TABLE,,36,PHONE_CHECKIN_CHECK,NUMBER,YES,,
TRUSTED_CRM,DBO,PAINEL_IDENTIFICACAO_CLIENTES,BASE TABLE,,37,QTY_PAX,NUMBER,YES,,
TRUSTED_CRM,DBO,PAINEL_IDENTIFICACAO_CLIENTES,BASE TABLE,,38,DOCUMENTCREATEDUTC,TIMESTAMP_NTZ,YES,,
TRUSTED_CRM,DBO,PAINEL_IDENTIFICACAO_CLIENTES,BASE TABLE,,39,DH_CARGA,TIMESTAMP_NTZ,YES,,
TRUSTED_CRM,DBO,PAX_SEGMENT_RECOVERY,BASE TABLE,,1,CHAVEVOO,TEXT,YES,,
TRUSTED_CRM,DBO,PAX_SEGMENT_RECOVERY,BASE TABLE,,2,BOOKINGID,NUMBER,YES,,
TRUSTED_CRM,DBO,PAX_SEGMENT_RECOVERY,BASE TABLE,,3,RECORDLOCATOR,TEXT,YES,,
TRUSTED_CRM,DBO,PAX_SEGMENT_RECOVERY,BASE TABLE,,4,SEGMENTID,NUMBER,YES,,
TRUSTED_CRM,DBO,PAX_SEGMENT_RECOVERY,BASE TABLE,,5,CUSTOMERNUMBER,TEXT,YES,,
TRUSTED_CRM,DBO,PAX_SEGMENT_RECOVERY,BASE TABLE,,6,CANALVENDAS,TEXT,YES,,
TRUSTED_CRM,DBO,PAX_SEGMENT_RECOVERY,BASE TABLE,,7,CPF,TEXT,YES,,
TRUSTED_CRM,DBO,PAX_SEGMENT_RECOVERY,BASE TABLE,,8,EXECUTIVA,NUMBER,YES,,
TRUSTED_CRM,DBO,PAX_SEGMENT_RECOVERY,BASE TABLE,,9,NAME,TEXT,YES,,
TRUSTED_CRM,DBO,PAX_SEGMENT_RECOVERY,BASE TABLE,,10,SEGMENTNUMBER,NUMBER,YES,,
TRUSTED_CRM,DBO,PAX_SEGMENT_RECOVERY,BASE TABLE,,11,JOURNEYNUMBER,NUMBER,YES,,
TRUSTED_CRM,DBO,PAX_SEGMENT_RECOVERY,BASE TABLE,,12,STATUS,TEXT,YES,,
TRUSTED_CRM,DBO,PAX_SEGMENT_RECOVERY,BASE TABLE,,13,CREATEDDATE,TIMESTAMP_LTZ,YES,,
TRUSTED_CRM,DBO,PAX_SEGMENT_RECOVERY,BASE TABLE,,14,MODIFIEDDATE,TIMESTAMP_LTZ,YES,,
TRUSTED_CRM,DBO,PONTOS_QUALIFICAVEIS_ANUAL,BASE TABLE,,1,CONTA_TA,NUMBER,NO,,
TRUSTED_CRM,DBO,PONTOS_QUALIFICAVEIS_ANUAL,BASE TABLE,,2,ANO_REFERENCIA,NUMBER,NO,,
TRUSTED_CRM,DBO,PONTOS_QUALIFICAVEIS_ANUAL,BASE TABLE,,3,TOTAL_PONTOS_QUALIFICAVEIS,NUMBER,YES,,
TRUSTED_CRM,DBO,PONTOS_QUALIFICAVEIS_ANUAL,BASE TABLE,,4,DATA_MAXIMA_CSA,TIMESTAMP_NTZ,YES,,
TRUSTED_CRM,DBO,PONTOS_QUALIFICAVEIS_ANUAL,BASE TABLE,,5,ULTIMA_ATUALIZACAO,TIMESTAMP_TZ,YES,,
TRUSTED_CRM,DBO,REACOMODACAO,BASE TABLE,,1,CLIENTE_RECORDLOCATOR,TEXT,YES,,
TRUSTED_CRM,DBO,REACOMODACAO,BASE TABLE,,2,DATA_STD,DATE,YES,,
TRUSTED_CRM,DBO,REACOMODACAO,BASE TABLE,,3,JOURNEYNUMBER,NUMBER,YES,,
TRUSTED_CRM,DBO,REACOMODACAO,BASE TABLE,,4,QTDE_PAX,NUMBER,YES,,
TRUSTED_CRM,DBO,REACOMODACAO,BASE TABLE,,5,MERCADO,TEXT,YES,,
TRUSTED_CRM,DBO,REACOMODACAO,BASE TABLE,,6,CANALVENDA,TEXT,YES,,
TRUSTED_CRM,DBO,REACOMODACAO,BASE TABLE,,7,DTH_REACOMODACAO,TIMESTAMP_NTZ,YES,,
TRUSTED_CRM,DBO,REACOMODACAO,BASE TABLE,,8,DATAREACOMODACAO,DATE,YES,,
TRUSTED_CRM,DBO,REACOMODACAO,BASE TABLE,,9,DEPARTURESTATION,TEXT,YES,,
TRUSTED_CRM,DBO,REACOMODACAO,BASE TABLE,,10,ARRIVALSTATION,TEXT,YES,,
TRUSTED_CRM,DBO,REACOMODACAO,BASE TABLE,,11,REACOMODACAO,NUMBER,YES,,
TRUSTED_CRM,DBO,REACOMODACAO,BASE TABLE,,12,ULTIMAREACOMODACAO,TIMESTAMP_NTZ,YES,,
TRUSTED_CRM,DBO,REACOMODACAO,BASE TABLE,,13,FLAG_ULTIMAREACOM,NUMBER,YES,,
TRUSTED_CRM,DBO,REACOMODACAO,BASE TABLE,,14,ANTECED_REACOMOD,NUMBER,YES,,
TRUSTED_CRM,DBO,REACOMODACAO,BASE TABLE,,15,ANTECED_ULT_REACOMOD,NUMBER,YES,,
TRUSTED_CRM,DBO,REACOMODACAO,BASE TABLE,,16,JANELA_REACOMODACAO,TEXT,YES,,
TRUSTED_CRM,DBO,REACOMODACAO,BASE TABLE,,17,IMPACTO,TEXT,YES,,
TRUSTED_CRM,DBO,REACOMODACAO,BASE TABLE,,18,IMPACTO_ENUM,NUMBER,YES,,
TRUSTED_CRM,DBO,REACOMODACAO,BASE TABLE,,19,QTDEREACOMODACOES,NUMBER,YES,,
TRUSTED_CRM,DBO,REACOMODACAO,BASE TABLE,,20,FLAG_COMUNICACAO,NUMBER,YES,,
TRUSTED_CRM,DBO,REACOMODACAO,BASE TABLE,,21,DH_CARGA,TIMESTAMP_LTZ,YES,,
TRUSTED_CRM,DBO,RECOVERY,VIEW,,1,CHAVE,TEXT,YES,,
TRUSTED_CRM,DBO,RECOVERY,VIEW,,2,CAMPANHA,TEXT,NO,,
TRUSTED_CRM,DBO,RECOVERY,VIEW,,3,RECORDLOCATOR,TEXT,YES,,
TRUSTED_CRM,DBO,RECOVERY,VIEW,,4,CPF,TEXT,YES,,
TRUSTED_CRM,DBO,RECOVERY,VIEW,,5,NAME,TEXT,YES,,
TRUSTED_CRM,DBO,RECOVERY,VIEW,,6,IMPACTOTIPO,TEXT,YES,,
TRUSTED_CRM,DBO,RECOVERY,VIEW,,7,ATRASOPARTIDA,NUMBER,YES,,
TRUSTED_CRM,DBO,RECOVERY,VIEW,,8,IMPACTO_TEMPO,TEXT,NO,,
TRUSTED_CRM,DBO,RECOVERY,VIEW,,9,`DATA`,TIMESTAMP_NTZ,YES,,
TRUSTED_CRM,DBO,RECOVERY,VIEW,,10,MERCADO,TEXT,YES,,
TRUSTED_CRM,DBO,RECOVERY,VIEW,,11,CANALVENDAS,TEXT,YES,,
TRUSTED_CRM,DBO,RECOVERY,VIEW,,12,AEROPORTOORIGEM,TEXT,YES,,
TRUSTED_CRM,DBO,RECOVERY,VIEW,,13,AEROPORTODESTINO,TEXT,YES,,
TRUSTED_CRM,DBO,RECOVERY,VIEW,,14,CLIENTE,TEXT,NO,,
TRUSTED_CRM,DBO,RECOVERY,VIEW,,15,NOTANPS,TEXT,NO,,
TRUSTED_CRM,DBO,RECOVERY,VIEW,,16,COMENTARIO,TEXT,NO,,
TRUSTED_CRM,DBO,RECOVERY,VIEW,,17,TEL_1,TEXT,YES,,
TRUSTED_CRM,DBO,RECOVERY,VIEW,,18,TEL_2,TEXT,YES,,
TRUSTED_CRM,DBO,RECOVERY,VIEW,,19,EMAIL_1,TEXT,YES,,
TRUSTED_CRM,DBO,RECOVERY,VIEW,,20,EMAIL_2,TEXT,YES,,
TRUSTED_CRM,DBO,RECOVERY,VIEW,,21,SCORE,NUMBER,YES,,
TRUSTED_CRM,DBO,RECOVERY,VIEW,,22,STATUS,TEXT,YES,,
TRUSTED_CRM,DBO,RECOVERY,VIEW,,23,CREATEDDATE,TIMESTAMP_LTZ,YES,,
TRUSTED_CRM,DBO,RECOVERY,VIEW,,24,MODIFIEDDATE,TIMESTAMP_LTZ,YES,,
TRUSTED_CRM,DBO,RECOVERY_CONTINGENCIA_ATRASOS,VIEW,,1,CHAVE,TEXT,YES,,
TRUSTED_CRM,DBO,RECOVERY_CONTINGENCIA_ATRASOS,VIEW,,2,CAMPANHA,TEXT,YES,,
TRUSTED_CRM,DBO,RECOVERY_CONTINGENCIA_ATRASOS,VIEW,,3,RECORDLOCATOR,TEXT,YES,,
TRUSTED_CRM,DBO,RECOVERY_CONTINGENCIA_ATRASOS,VIEW,,4,CPF,TEXT,YES,,
TRUSTED_CRM,DBO,RECOVERY_CONTINGENCIA_ATRASOS,VIEW,,5,NAME,TEXT,YES,,
TRUSTED_CRM,DBO,RECOVERY_CONTINGENCIA_ATRASOS,VIEW,,6,IMPACTOTIPO,TEXT,YES,,
TRUSTED_CRM,DBO,RECOVERY_CONTINGENCIA_ATRASOS,VIEW,,7,ATRASOPARTIDA,NUMBER,YES,,
TRUSTED_CRM,DBO,RECOVERY_CONTINGENCIA_ATRASOS,VIEW,,8,IMPACTO_TEMPO,TEXT,YES,,
TRUSTED_CRM,DBO,RECOVERY_CONTINGENCIA_ATRASOS,VIEW,,9,`DATA`,TIMESTAMP_NTZ,YES,,
TRUSTED_CRM,DBO,RECOVERY_CONTINGENCIA_ATRASOS,VIEW,,10,MERCADO,TEXT,YES,,
TRUSTED_CRM,DBO,RECOVERY_CONTINGENCIA_ATRASOS,VIEW,,11,CANALVENDAS,TEXT,YES,,
TRUSTED_CRM,DBO,RECOVERY_CONTINGENCIA_ATRASOS,VIEW,,12,AEROPORTOORIGEM,TEXT,YES,,
TRUSTED_CRM,DBO,RECOVERY_CONTINGENCIA_ATRASOS,VIEW,,13,AEROPORTODESTINO,TEXT,YES,,
TRUSTED_CRM,DBO,RECOVERY_CONTINGENCIA_ATRASOS,VIEW,,14,CLIENTE,TEXT,YES,,
TRUSTED_CRM,DBO,RECOVERY_CONTINGENCIA_ATRASOS,VIEW,,15,NOTANPS,TEXT,YES,,
TRUSTED_CRM,DBO,RECOVERY_CONTINGENCIA_ATRASOS,VIEW,,16,COMENTARIO,TEXT,YES,,
TRUSTED_CRM,DBO,RECOVERY_CONTINGENCIA_ATRASOS,VIEW,,17,TEL_1,TEXT,YES,,
TRUSTED_CRM,DBO,RECOVERY_CONTINGENCIA_ATRASOS,VIEW,,18,TEL_2,TEXT,YES,,
TRUSTED_CRM,DBO,RECOVERY_CONTINGENCIA_ATRASOS,VIEW,,19,EMAIL_1,TEXT,YES,,
TRUSTED_CRM,DBO,RECOVERY_CONTINGENCIA_ATRASOS,VIEW,,20,EMAIL_2,TEXT,YES,,
TRUSTED_CRM,DBO,RECOVERY_CONTINGENCIA_ATRASOS,VIEW,,21,SCORE,NUMBER,YES,,
TRUSTED_CRM,DBO,RECOVERY_CONTINGENCIA_ATRASOS,VIEW,,22,RANK_CONTACT,NUMBER,YES,,
TRUSTED_CRM,DBO,RECOVERY_CONTINGENCIA_ATRASOS,VIEW,,23,STATUS,TEXT,YES,,
TRUSTED_CRM,DBO,RECOVERY_CONTINGENCIA_ATRASOS,VIEW,,24,CREATEDDATE,TIMESTAMP_LTZ,YES,,
TRUSTED_CRM,DBO,RECOVERY_CONTINGENCIA_ATRASOS,VIEW,,25,MODIFIEDDATE,TIMESTAMP_LTZ,YES,,
TRUSTED_CRM,DBO,REGIONAIS_BASES,BASE TABLE,,1,BASE,TEXT,YES,,
TRUSTED_CRM,DBO,REGIONAIS_BASES,BASE TABLE,,2,REG,TEXT,YES,,
TRUSTED_CRM,DBO,REGIONAIS_BASES,BASE TABLE,,3,CLASSIFICACAO,TEXT,YES,,
TRUSTED_CRM,DBO,REGIONAIS_BASES,BASE TABLE,,4,ESATA,TEXT,YES,,
TRUSTED_CRM,DBO,SEGMENTADOR_DE_CAMPANHAS,BASE TABLE,,1,NUMERO_TA,TEXT,YES,,
TRUSTED_CRM,DBO,SEGMENTADOR_DE_CAMPANHAS,BASE TABLE,,2,CONTA_TA,NUMBER,YES,,
TRUSTED_CRM,DBO,SEGMENTADOR_DE_CAMPANHAS,BASE TABLE,,3,CICLO_VIDA,TEXT,YES,,
TRUSTED_CRM,DBO,SEGMENTADOR_DE_CAMPANHAS,BASE TABLE,,4,CICLO_VIDA_MES_ANTERIOR,TEXT,YES,,
TRUSTED_CRM,DBO,SEGMENTADOR_DE_CAMPANHAS,BASE TABLE,,5,CICLO_VIDA_EST,TEXT,YES,,
TRUSTED_CRM,DBO,SEGMENTADOR_DE_CAMPANHAS,BASE TABLE,,6,CICLO_VIDA_EST_MES_ANTERIOR,TEXT,YES,,
TRUSTED_CRM,DBO,SEGMENTADOR_DE_CAMPANHAS,BASE TABLE,,7,TIPO_CONTA,TEXT,YES,,
TRUSTED_CRM,DBO,SEGMENTADOR_DE_CAMPANHAS,BASE TABLE,,8,DATA_ADESAO,TIMESTAMP_NTZ,YES,,
TRUSTED_CRM,DBO,SEGMENTADOR_DE_CAMPANHAS,BASE TABLE,,9,TIER,TEXT,YES,,
TRUSTED_CRM,DBO,SEGMENTADOR_DE_CAMPANHAS,BASE TABLE,,10,PACOTE_CLUBE,TEXT,YES,,
TRUSTED_CRM,DBO,SEGMENTADOR_DE_CAMPANHAS,BASE TABLE,,11,STATUS_CLUBE,TEXT,YES,,
TRUSTED_CRM,DBO,SEGMENTADOR_DE_CAMPANHAS,BASE TABLE,,12,VARIANTE,TEXT,YES,,
TRUSTED_CRM,DBO,SEGMENTADOR_DE_CAMPANHAS,BASE TABLE,,13,SALDO_DE_PONTOS,NUMBER,YES,,
TRUSTED_CRM,DBO,SEGMENTADOR_DE_CAMPANHAS,BASE TABLE,,14,FAIXA_SALDO_DE_PONTOS,TEXT,YES,,
TRUSTED_CRM,DBO,SEGMENTADOR_DE_CAMPANHAS,BASE TABLE,,15,EMAILS_RECEBIDOS_30D,NUMBER,YES,,
TRUSTED_CRM,DBO,SEGMENTADOR_DE_CAMPANHAS,BASE TABLE,,16,EMAILS_RECEBIDOS_60D,NUMBER,YES,,
TRUSTED_CRM,DBO,SEGMENTADOR_DE_CAMPANHAS,BASE TABLE,,17,EMAILS_RECEBIDOS_90D,NUMBER,YES,,
TRUSTED_CRM,DBO,SEGMENTADOR_DE_CAMPANHAS,BASE TABLE,,18,EMAILS_ABERTOS_30D,NUMBER,YES,,
TRUSTED_CRM,DBO,SEGMENTADOR_DE_CAMPANHAS,BASE TABLE,,19,EMAILS_ABERTOS_60D,NUMBER,YES,,
TRUSTED_CRM,DBO,SEGMENTADOR_DE_CAMPANHAS,BASE TABLE,,20,EMAILS_ABERTOS_90D,NUMBER,YES,,
TRUSTED_CRM,DBO,SEGMENTADOR_DE_CAMPANHAS,BASE TABLE,,21,EMAILS_CLICADOS_30D,NUMBER,YES,,
TRUSTED_CRM,DBO,SEGMENTADOR_DE_CAMPANHAS,BASE TABLE,,22,EMAILS_CLICADOS_60D,NUMBER,YES,,
TRUSTED_CRM,DBO,SEGMENTADOR_DE_CAMPANHAS,BASE TABLE,,23,EMAILS_CLICADOS_90D,NUMBER,YES,,
TRUSTED_CRM,DBO,SEGMENTADOR_DE_CAMPANHAS,BASE TABLE,,24,SMS_RECEBIDOS_30D,NUMBER,YES,,
TRUSTED_CRM,DBO,SEGMENTADOR_DE_CAMPANHAS,BASE TABLE,,25,SMS_RECEBIDOS_60D,NUMBER,YES,,
TRUSTED_CRM,DBO,SEGMENTADOR_DE_CAMPANHAS,BASE TABLE,,26,SMS_RECEBIDOS_90D,NUMBER,YES,,
TRUSTED_CRM,DBO,SEGMENTADOR_DE_CAMPANHAS,BASE TABLE,,27,SMS_CLICADOS_30D,NUMBER,YES,,
TRUSTED_CRM,DBO,SEGMENTADOR_DE_CAMPANHAS,BASE TABLE,,28,SMS_CLICADOS_60D,NUMBER,YES,,
TRUSTED_CRM,DBO,SEGMENTADOR_DE_CAMPANHAS,BASE TABLE,,29,SMS_CLICADOS_90D,NUMBER,YES,,
TRUSTED_CRM,DBO,SEGMENTADOR_DE_CAMPANHAS,BASE TABLE,,30,PUSHES_RECEBIDOS_30D,NUMBER,YES,,
TRUSTED_CRM,DBO,SEGMENTADOR_DE_CAMPANHAS,BASE TABLE,,31,PUSHES_RECEBIDOS_60D,NUMBER,YES,,
TRUSTED_CRM,DBO,SEGMENTADOR_DE_CAMPANHAS,BASE TABLE,,32,PUSHES_RECEBIDOS_90D,NUMBER,YES,,
TRUSTED_CRM,DBO,SEGMENTADOR_DE_CAMPANHAS,BASE TABLE,,33,MKT_PROG_MAIS_RECEBIDO_EMAIL,TEXT,YES,,
TRUSTED_CRM,DBO,SEGMENTADOR_DE_CAMPANHAS,BASE TABLE,,34,MKT_PROG_MAIS_CLICADO_EMAIL,TEXT,YES,,
TRUSTED_CRM,DBO,SEGMENTADOR_DE_CAMPANHAS,BASE TABLE,,35,ENGAJAMENTO_ABERTURA_EMAIL,TEXT,YES,,
TRUSTED_CRM,DBO,SEGMENTADOR_DE_CAMPANHAS,BASE TABLE,,36,MKT_PROG_MAIS_RECEBIDO_SMS,TEXT,YES,,
TRUSTED_CRM,DBO,SEGMENTADOR_DE_CAMPANHAS,BASE TABLE,,37,MKT_PROG_MAIS_CLICADO_SMS,TEXT,YES,,
TRUSTED_CRM,DBO,SEGMENTADOR_DE_CAMPANHAS,BASE TABLE,,38,ENGAJAMENTO_CLIQUE_SMS,TEXT,YES,,
TRUSTED_CRM,DBO,SEGMENTADOR_DE_CAMPANHAS,BASE TABLE,,39,ACUMULO_FINANCEIRO_1M,NUMBER,YES,,
TRUSTED_CRM,DBO,SEGMENTADOR_DE_CAMPANHAS,BASE TABLE,,40,ACUMULO_FINANCEIRO_2M,NUMBER,YES,,
TRUSTED_CRM,DBO,SEGMENTADOR_DE_CAMPANHAS,BASE TABLE,,41,ACUMULO_FINANCEIRO_3M,NUMBER,YES,,
TRUSTED_CRM,DBO,SEGMENTADOR_DE_CAMPANHAS,BASE TABLE,,42,ACUMULO_FINANCEIRO_6M,NUMBER,YES,,
TRUSTED_CRM,DBO,SEGMENTADOR_DE_CAMPANHAS,BASE TABLE,,43,ACUMULO_FINANCEIRO_12M,NUMBER,YES,,
TRUSTED_CRM,DBO,SEGMENTADOR_DE_CAMPANHAS,BASE TABLE,,44,ACUMULO_FINANCEIRO_24M,NUMBER,YES,,
TRUSTED_CRM,DBO,SEGMENTADOR_DE_CAMPANHAS,BASE TABLE,,45,ACUMULO_FINANCEIRO_TOTAL,NUMBER,YES,,
TRUSTED_CRM,DBO,SEGMENTADOR_DE_CAMPANHAS,BASE TABLE,,46,ACUMULO_AEREO_1M,NUMBER,YES,,
TRUSTED_CRM,DBO,SEGMENTADOR_DE_CAMPANHAS,BASE TABLE,,47,ACUMULO_AEREO_2M,NUMBER,YES,,
TRUSTED_CRM,DBO,SEGMENTADOR_DE_CAMPANHAS,BASE TABLE,,48,ACUMULO_AEREO_3M,NUMBER,YES,,
TRUSTED_CRM,DBO,SEGMENTADOR_DE_CAMPANHAS,BASE TABLE,,49,ACUMULO_AEREO_6M,NUMBER,YES,,
TRUSTED_CRM,DBO,SEGMENTADOR_DE_CAMPANHAS,BASE TABLE,,50,ACUMULO_AEREO_12M,NUMBER,YES,,
TRUSTED_CRM,DBO,SEGMENTADOR_DE_CAMPANHAS,BASE TABLE,,51,ACUMULO_AEREO_24M,NUMBER,YES,,
TRUSTED_CRM,DBO,SEGMENTADOR_DE_CAMPANHAS,BASE TABLE,,52,ACUMULO_AEREO_TOTAL,NUMBER,YES,,
TRUSTED_CRM,DBO,SEGMENTADOR_DE_CAMPANHAS,BASE TABLE,,53,ACUMULO_CLUBE_1M,NUMBER,YES,,
TRUSTED_CRM,DBO,SEGMENTADOR_DE_CAMPANHAS,BASE TABLE,,54,ACUMULO_CLUBE_2M,NUMBER,YES,,
TRUSTED_CRM,DBO,SEGMENTADOR_DE_CAMPANHAS,BASE TABLE,,55,ACUMULO_CLUBE_3M,NUMBER,YES,,
TRUSTED_CRM,DBO,SEGMENTADOR_DE_CAMPANHAS,BASE TABLE,,56,ACUMULO_CLUBE_6M,NUMBER,YES,,
TRUSTED_CRM,DBO,SEGMENTADOR_DE_CAMPANHAS,BASE TABLE,,57,ACUMULO_CLUBE_12M,NUMBER,YES,,
TRUSTED_CRM,DBO,SEGMENTADOR_DE_CAMPANHAS,BASE TABLE,,58,ACUMULO_CLUBE_24M,NUMBER,YES,,
TRUSTED_CRM,DBO,SEGMENTADOR_DE_CAMPANHAS,BASE TABLE,,59,ACUMULO_CLUBE_TOTAL,NUMBER,YES,,
TRUSTED_CRM,DBO,SEGMENTADOR_DE_CAMPANHAS,BASE TABLE,,60,ACUMULO_AZUL_ITAUCARD_1M,NUMBER,YES,,
TRUSTED_CRM,DBO,SEGMENTADOR_DE_CAMPANHAS,BASE TABLE,,61,ACUMULO_AZUL_ITAUCARD_2M,NUMBER,YES,,
TRUSTED_CRM,DBO,SEGMENTADOR_DE_CAMPANHAS,BASE TABLE,,62,ACUMULO_AZUL_ITAUCARD_3M,NUMBER,YES,,
TRUSTED_CRM,DBO,SEGMENTADOR_DE_CAMPANHAS,BASE TABLE,,63,ACUMULO_AZUL_ITAUCARD_6M,NUMBER,YES,,
TRUSTED_CRM,DBO,SEGMENTADOR_DE_CAMPANHAS,BASE TABLE,,64,ACUMULO_AZUL_ITAUCARD_12M,NUMBER,YES,,
TRUSTED_CRM,DBO,SEGMENTADOR_DE_CAMPANHAS,BASE TABLE,,65,ACUMULO_AZUL_ITAUCARD_24M,NUMBER,YES,,
TRUSTED_CRM,DBO,SEGMENTADOR_DE_CAMPANHAS,BASE TABLE,,66,ACUMULO_AZUL_ITAUCARD_TOTAL,NUMBER,YES,,
TRUSTED_CRM,DBO,SEGMENTADOR_DE_CAMPANHAS,BASE TABLE,,67,ACUMULO_VAREJO_1M,NUMBER,YES,,
TRUSTED_CRM,DBO,SEGMENTADOR_DE_CAMPANHAS,BASE TABLE,,68,ACUMULO_VAREJO_2M,NUMBER,YES,,
TRUSTED_CRM,DBO,SEGMENTADOR_DE_CAMPANHAS,BASE TABLE,,69,ACUMULO_VAREJO_3M,NUMBER,YES,,
TRUSTED_CRM,DBO,SEGMENTADOR_DE_CAMPANHAS,BASE TABLE,,70,ACUMULO_VAREJO_6M,NUMBER,YES,,
TRUSTED_CRM,DBO,SEGMENTADOR_DE_CAMPANHAS,BASE TABLE,,71,ACUMULO_VAREJO_12M,NUMBER,YES,,
TRUSTED_CRM,DBO,SEGMENTADOR_DE_CAMPANHAS,BASE TABLE,,72,ACUMULO_VAREJO_24M,NUMBER,YES,,
TRUSTED_CRM,DBO,SEGMENTADOR_DE_CAMPANHAS,BASE TABLE,,73,ACUMULO_VAREJO_TOTAL,NUMBER,YES,,
TRUSTED_CRM,DBO,SEGMENTADOR_DE_CAMPANHAS,BASE TABLE,,74,ACUMULO_BUY_1M,NUMBER,YES,,
TRUSTED_CRM,DBO,SEGMENTADOR_DE_CAMPANHAS,BASE TABLE,,75,ACUMULO_BUY_2M,NUMBER,YES,,
TRUSTED_CRM,DBO,SEGMENTADOR_DE_CAMPANHAS,BASE TABLE,,76,ACUMULO_BUY_3M,NUMBER,YES,,
TRUSTED_CRM,DBO,SEGMENTADOR_DE_CAMPANHAS,BASE TABLE,,77,ACUMULO_BUY_6M,NUMBER,YES,,
TRUSTED_CRM,DBO,SEGMENTADOR_DE_CAMPANHAS,BASE TABLE,,78,ACUMULO_BUY_12M,NUMBER,YES,,
TRUSTED_CRM,DBO,SEGMENTADOR_DE_CAMPANHAS,BASE TABLE,,79,ACUMULO_BUY_24M,NUMBER,YES,,
TRUSTED_CRM,DBO,SEGMENTADOR_DE_CAMPANHAS,BASE TABLE,,80,ACUMULO_BUY_TOTAL,NUMBER,YES,,
TRUSTED_CRM,DBO,SEGMENTADOR_DE_CAMPANHAS,BASE TABLE,,81,ACUMULO_RENEW_1M,NUMBER,YES,,
TRUSTED_CRM,DBO,SEGMENTADOR_DE_CAMPANHAS,BASE TABLE,,82,ACUMULO_RENEW_2M,NUMBER,YES,,
TRUSTED_CRM,DBO,SEGMENTADOR_DE_CAMPANHAS,BASE TABLE,,83,ACUMULO_RENEW_3M,NUMBER,YES,,
TRUSTED_CRM,DBO,SEGMENTADOR_DE_CAMPANHAS,BASE TABLE,,84,ACUMULO_RENEW_6M,NUMBER,YES,,
TRUSTED_CRM,DBO,SEGMENTADOR_DE_CAMPANHAS,BASE TABLE,,85,ACUMULO_RENEW_12M,NUMBER,YES,,
TRUSTED_CRM,DBO,SEGMENTADOR_DE_CAMPANHAS,BASE TABLE,,86,ACUMULO_RENEW_24M,NUMBER,YES,,
TRUSTED_CRM,DBO,SEGMENTADOR_DE_CAMPANHAS,BASE TABLE,,87,ACUMULO_RENEW_TOTAL,NUMBER,YES,,
TRUSTED_CRM,DBO,SEGMENTADOR_DE_CAMPANHAS,BASE TABLE,,88,ACUMULO_TRANSFER_1M,NUMBER,YES,,
TRUSTED_CRM,DBO,SEGMENTADOR_DE_CAMPANHAS,BASE TABLE,,89,ACUMULO_TRANSFER_2M,NUMBER,YES,,
TRUSTED_CRM,DBO,SEGMENTADOR_DE_CAMPANHAS,BASE TABLE,,90,ACUMULO_TRANSFER_3M,NUMBER,YES,,
TRUSTED_CRM,DBO,SEGMENTADOR_DE_CAMPANHAS,BASE TABLE,,91,ACUMULO_TRANSFER_6M,NUMBER,YES,,
TRUSTED_CRM,DBO,SEGMENTADOR_DE_CAMPANHAS,BASE TABLE,,92,ACUMULO_TRANSFER_12M,NUMBER,YES,,
TRUSTED_CRM,DBO,SEGMENTADOR_DE_CAMPANHAS,BASE TABLE,,93,ACUMULO_TRANSFER_24M,NUMBER,YES,,
TRUSTED_CRM,DBO,SEGMENTADOR_DE_CAMPANHAS,BASE TABLE,,94,ACUMULO_TRANSFER_TOTAL,NUMBER,YES,,
TRUSTED_CRM,DBO,SEGMENTADOR_DE_CAMPANHAS,BASE TABLE,,95,RESGATE_AEREO_1M,NUMBER,YES,,
TRUSTED_CRM,DBO,SEGMENTADOR_DE_CAMPANHAS,BASE TABLE,,96,RESGATE_AEREO_2M,NUMBER,YES,,
TRUSTED_CRM,DBO,SEGMENTADOR_DE_CAMPANHAS,BASE TABLE,,97,RESGATE_AEREO_3M,NUMBER,YES,,
TRUSTED_CRM,DBO,SEGMENTADOR_DE_CAMPANHAS,BASE TABLE,,98,RESGATE_AEREO_6M,NUMBER,YES,,
TRUSTED_CRM,DBO,SEGMENTADOR_DE_CAMPANHAS,BASE TABLE,,99,RESGATE_AEREO_12M,NUMBER,YES,,
TRUSTED_CRM,DBO,SEGMENTADOR_DE_CAMPANHAS,BASE TABLE,,100,RESGATE_AEREO_24M,NUMBER,YES,,
TRUSTED_CRM,DBO,SEGMENTADOR_DE_CAMPANHAS,BASE TABLE,,101,RESGATE_AEREO_TOTAL,NUMBER,YES,,
TRUSTED_CRM,DBO,SEGMENTADOR_DE_CAMPANHAS,BASE TABLE,,102,RESGATE_SHOPPING_1M,NUMBER,YES,,
TRUSTED_CRM,DBO,SEGMENTADOR_DE_CAMPANHAS,BASE TABLE,,103,RESGATE_SHOPPING_2M,NUMBER,YES,,
TRUSTED_CRM,DBO,SEGMENTADOR_DE_CAMPANHAS,BASE TABLE,,104,RESGATE_SHOPPING_3M,NUMBER,YES,,
TRUSTED_CRM,DBO,SEGMENTADOR_DE_CAMPANHAS,BASE TABLE,,105,RESGATE_SHOPPING_6M,NUMBER,YES,,
TRUSTED_CRM,DBO,SEGMENTADOR_DE_CAMPANHAS,BASE TABLE,,106,RESGATE_SHOPPING_12M,NUMBER,YES,,
TRUSTED_CRM,DBO,SEGMENTADOR_DE_CAMPANHAS,BASE TABLE,,107,RESGATE_SHOPPING_24M,NUMBER,YES,,
TRUSTED_CRM,DBO,SEGMENTADOR_DE_CAMPANHAS,BASE TABLE,,108,RESGATE_SHOPPING_TOTAL,NUMBER,YES,,
TRUSTED_CRM,DBO,SEGMENTADOR_DE_CAMPANHAS,BASE TABLE,,109,PONTOS_EXPIRADOS_1M,NUMBER,YES,,
TRUSTED_CRM,DBO,SEGMENTADOR_DE_CAMPANHAS,BASE TABLE,,110,PONTOS_EXPIRADOS_2M,NUMBER,YES,,
TRUSTED_CRM,DBO,SEGMENTADOR_DE_CAMPANHAS,BASE TABLE,,111,PONTOS_EXPIRADOS_3M,NUMBER,YES,,
TRUSTED_CRM,DBO,SEGMENTADOR_DE_CAMPANHAS,BASE TABLE,,112,PONTOS_EXPIRADOS_6M,NUMBER,YES,,
TRUSTED_CRM,DBO,SEGMENTADOR_DE_CAMPANHAS,BASE TABLE,,113,PONTOS_EXPIRADOS_12M,NUMBER,YES,,
TRUSTED_CRM,DBO,SEGMENTADOR_DE_CAMPANHAS,BASE TABLE,,114,PONTOS_EXPIRADOS_24M,NUMBER,YES,,
TRUSTED_CRM,DBO,SEGMENTADOR_DE_CAMPANHAS,BASE TABLE,,115,PONTOS_EXPIRADOS_TOTAL,NUMBER,YES,,
TRUSTED_CRM,DBO,SEGMENTADOR_DE_CAMPANHAS,BASE TABLE,,116,TRECHOS_AEREO_1M,NUMBER,YES,,
TRUSTED_CRM,DBO,SEGMENTADOR_DE_CAMPANHAS,BASE TABLE,,117,TRECHOS_AEREO_2M,NUMBER,YES,,
TRUSTED_CRM,DBO,SEGMENTADOR_DE_CAMPANHAS,BASE TABLE,,118,TRECHOS_AEREO_3M,NUMBER,YES,,
TRUSTED_CRM,DBO,SEGMENTADOR_DE_CAMPANHAS,BASE TABLE,,119,TRECHOS_AEREO_6M,NUMBER,YES,,
TRUSTED_CRM,DBO,SEGMENTADOR_DE_CAMPANHAS,BASE TABLE,,120,TRECHOS_AEREO_12M,NUMBER,YES,,
TRUSTED_CRM,DBO,SEGMENTADOR_DE_CAMPANHAS,BASE TABLE,,121,TRECHOS_AEREO_24M,NUMBER,YES,,
TRUSTED_CRM,DBO,SEGMENTADOR_DE_CAMPANHAS,BASE TABLE,,122,TRECHOS_AEREO_TOTAL,NUMBER,YES,,
TRUSTED_CRM,DBO,SELLERS_WHITELIST,BASE TABLE,,1,RECORDID,NUMBER,NO,,
TRUSTED_CRM,DBO,SELLERS_WHITELIST,BASE TABLE,,2,CODIGO,TEXT,NO,,
TRUSTED_CRM,DBO,SELLERS_WHITELIST,BASE TABLE,,3,DW_LAST_UPDATE,TIMESTAMP_NTZ,YES,,
TRUSTED_CRM,DBO,SNOW_CLUBE_TUDO_AZUL,BASE TABLE,,1,CUSTOMER_ID,TEXT,YES,,
TRUSTED_CRM,DBO,SNOW_CLUBE_TUDO_AZUL,BASE TABLE,,2,DATA_ADESAO,TIMESTAMP_NTZ,YES,,
TRUSTED_CRM,DBO,SNOW_CLUBE_TUDO_AZUL,BASE TABLE,,3,BENEFICIOADESAO,NUMBER,YES,,
TRUSTED_CRM,DBO,SNOW_CLUBE_TUDO_AZUL,BASE TABLE,,4,DATA_MUDANCA,TIMESTAMP_NTZ,YES,,
TRUSTED_CRM,DBO,SNOW_CLUBE_TUDO_AZUL,BASE TABLE,,5,STATUS,TEXT,YES,,
TRUSTED_CRM,DBO,SNOW_CLUBE_TUDO_AZUL,BASE TABLE,,6,PACOTE_ATUAL,NUMBER,YES,,
TRUSTED_CRM,DBO,SNOW_CLUBE_TUDO_AZUL,BASE TABLE,,7,NOMEPACOTEATUAL,TEXT,YES,,
TRUSTED_CRM,DBO,SNOW_CLUBE_TUDO_AZUL,BASE TABLE,,8,PACOTEANTERIOR,TEXT,YES,,
TRUSTED_CRM,DBO,SNOW_CLUBE_TUDO_AZUL,BASE TABLE,,9,TIPO_ALTERACAO,TEXT,YES,,
TRUSTED_CRM,DBO,SNOW_CLUBE_TUDO_AZUL,BASE TABLE,,10,UPDATE_UTC,TIMESTAMP_NTZ,YES,,
TRUSTED_CRM,DBO,SNOW_CLUBE_TUDO_AZUL,BASE TABLE,,11,DH_CARGA,TIMESTAMP_NTZ,YES,,
TRUSTED_CRM,DBO,TBA_REACOMODACAO_NPS,BASE TABLE,,1,RESPONDENT_ID,NUMBER,YES,,
TRUSTED_CRM,DBO,TBA_REACOMODACAO_NPS,BASE TABLE,,2,CLIENTE_RECORDLOCATOR,TEXT,YES,,
TRUSTED_CRM,DBO,TBA_REACOMODACAO_NPS,BASE TABLE,,3,DATA_STD,DATE,YES,,
TRUSTED_CRM,DBO,TBA_REACOMODACAO_NPS,BASE TABLE,,4,VOO_INTERNACIONAL,TEXT,YES,,
TRUSTED_CRM,DBO,TBA_REACOMODACAO_NPS,BASE TABLE,,5,NOTA,TEXT,YES,,
TRUSTED_CRM,DBO,TBA_REACOMODACAO_NPS,BASE TABLE,,6,PERG_CALCNPS,NUMBER,YES,,
TRUSTED_CRM,DBO,TBA_REACOMODACAO_NPS,BASE TABLE,,7,PERG_RESPONDENTES,NUMBER,YES,,
TRUSTED_CRM,DBO,TBA_REACOMODACAO_NPS,BASE TABLE,,8,REACOMODACAO,NUMBER,YES,,
TRUSTED_CRM,DBO,TBA_REACOMODACAO_NPS,BASE TABLE,,9,ANTECEDREACOMODACAO,NUMBER,YES,,
TRUSTED_CRM,DBO,TBA_REACOMODACAO_NPS,BASE TABLE,,10,QTDEREACOMODACOES,NUMBER,YES,,
TRUSTED_CRM,DBO,TIPOS_VOO,BASE TABLE,,1,TRNA_ORIGIN,TEXT,NO,,
TRUSTED_CRM,DBO,TIPOS_VOO,BASE TABLE,,2,TRNA_DESTINATION,TEXT,NO,,
TRUSTED_CRM,DBO,TIPOS_VOO,BASE TABLE,,3,TIPO_VOO,TEXT,YES,,
TRUSTED_CRM,DBO,TRANSACIONAL,BASE TABLE,,1,ID_TRANSACAO,NUMBER,YES,,
TRUSTED_CRM,DBO,TRANSACIONAL,BASE TABLE,,2,COD_TIPO_TRANSACAO,TEXT,YES,,
TRUSTED_CRM,DBO,TRANSACIONAL,BASE TABLE,,3,DESCRICAO_TRANSACAO,TEXT,YES,,
TRUSTED_CRM,DBO,TRANSACIONAL,BASE TABLE,,4,QUERY_TYPE,TEXT,YES,,
TRUSTED_CRM,DBO,TRANSACIONAL,BASE TABLE,,5,DESCRICAO_TIPO_TRANSACAO,TEXT,YES,,
TRUSTED_CRM,DBO,TRANSACIONAL,BASE TABLE,,6,CONTA_TA,NUMBER,YES,,
TRUSTED_CRM,DBO,TRANSACIONAL,BASE TABLE,,7,TIPO_CONTA,TEXT,YES,,
TRUSTED_CRM,DBO,TRANSACIONAL,BASE TABLE,,8,ID_CONSUMIDOR,NUMBER,YES,,
TRUSTED_CRM,DBO,TRANSACIONAL,BASE TABLE,,9,COMENTARIOS_TRANSACAO,TEXT,YES,,
TRUSTED_CRM,DBO,TRANSACIONAL,BASE TABLE,,10,COMENTARIOS_TRANSACAO_ORIGEM,TEXT,YES,,
TRUSTED_CRM,DBO,TRANSACIONAL,BASE TABLE,,11,DESCRICAO_PRODUTO,TEXT,YES,,
TRUSTED_CRM,DBO,TRANSACIONAL,BASE TABLE,,12,DESCRICAO_PRODUTO_ORIGEM,TEXT,YES,,
TRUSTED_CRM,DBO,TRANSACIONAL,BASE TABLE,,13,DATA_TRANSACAO,TIMESTAMP_NTZ,YES,,
TRUSTED_CRM,DBO,TRANSACIONAL,BASE TABLE,,14,DATA_PROCESSAMENTO_TRANSACAO,TIMESTAMP_NTZ,YES,,
TRUSTED_CRM,DBO,TRANSACIONAL,BASE TABLE,,15,DATA_TRANSACAO_ORIGEM,TIMESTAMP_NTZ,YES,,
TRUSTED_CRM,DBO,TRANSACIONAL,BASE TABLE,,16,DATA_PROCESSAMENTO_TRANSACAO_ORIGEM,TIMESTAMP_NTZ,YES,,
TRUSTED_CRM,DBO,TRANSACIONAL,BASE TABLE,,17,VALOR_TOTAL_TRANSACAO,NUMBER,YES,,
TRUSTED_CRM,DBO,TRANSACIONAL,BASE TABLE,,18,STATUS_TRANSACAO,TEXT,YES,,
TRUSTED_CRM,DBO,TRANSACIONAL,BASE TABLE,,19,CLASSE_BOOKING,TEXT,YES,,
TRUSTED_CRM,DBO,TRANSACIONAL,BASE TABLE,,20,COD_CLASSIFICACAO_PRODUTO,TEXT,YES,,
TRUSTED_CRM,DBO,TRANSACIONAL,BASE TABLE,,21,COD_PARCEIRO,TEXT,YES,,
TRUSTED_CRM,DBO,TRANSACIONAL,BASE TABLE,,22,NOME_PARCEIRO,TEXT,YES,,
TRUSTED_CRM,DBO,TRANSACIONAL,BASE TABLE,,23,COD_PARCEIRO_ORIGEM,TEXT,YES,,
TRUSTED_CRM,DBO,TRANSACIONAL,BASE TABLE,,24,NOME_PARCEIRO_ORIGEM,TEXT,YES,,
TRUSTED_CRM,DBO,TRANSACIONAL,BASE TABLE,,25,NUMERO_TRANSACAO_PARCEIRO,TEXT,YES,,
TRUSTED_CRM,DBO,TRANSACIONAL,BASE TABLE,,26,NUMERO_TRANSACAO_PARCEIRO_ORIGEM,TEXT,YES,,
TRUSTED_CRM,DBO,TRANSACIONAL,BASE TABLE,,27,CODIGO_TRANSACAO_PARCEIRO,TEXT,YES,,
TRUSTED_CRM,DBO,TRANSACIONAL,BASE TABLE,,28,CODIGO_TRANSACAO_PARCEIRO_ORIGEM,TEXT,YES,,
TRUSTED_CRM,DBO,TRANSACIONAL,BASE TABLE,,29,TARIFA_BASICA_TRANSACAO,TEXT,YES,,
TRUSTED_CRM,DBO,TRANSACIONAL,BASE TABLE,,30,TIPO_VOO,TEXT,YES,,
TRUSTED_CRM,DBO,TRANSACIONAL,BASE TABLE,,31,ORIGEM_AEREO,TEXT,YES,,
TRUSTED_CRM,DBO,TRANSACIONAL,BASE TABLE,,32,DESTINO_AEREO,TEXT,YES,,
TRUSTED_CRM,DBO,TRANSACIONAL,BASE TABLE,,33,OD,TEXT,YES,,
TRUSTED_CRM,DBO,TRANSACIONAL,BASE TABLE,,34,ND,TEXT,YES,,
TRUSTED_CRM,DBO,TRANSACIONAL,BASE TABLE,,35,NUMERO_PNR,TEXT,YES,,
TRUSTED_CRM,DBO,TRANSACIONAL,BASE TABLE,,36,BOOKING_DATE,TIMESTAMP_NTZ,YES,,
TRUSTED_CRM,DBO,TRANSACIONAL,BASE TABLE,,37,DEPARTURE_DATE,TIMESTAMP_NTZ,YES,,
TRUSTED_CRM,DBO,TRANSACIONAL,BASE TABLE,,38,MACRO_SEGMENTO,TEXT,YES,,
TRUSTED_CRM,DBO,TRANSACIONAL,BASE TABLE,,39,MICRO_SEGMENTO,TEXT,YES,,
TRUSTED_CRM,DBO,TRANSACIONAL,BASE TABLE,,40,TIER,TEXT,YES,,
TRUSTED_CRM,DBO,TRANSACIONAL,BASE TABLE,,41,PONTOS_QUALIFICAVEIS,FLOAT,YES,,
TRUSTED_CRM,DBO,TRANSACIONAL,BASE TABLE,,42,ID_USUARIO_DE_RESGATE,NUMBER,YES,,
TRUSTED_CRM,DBO,TRANSACIONAL,BASE TABLE,,43,PRIMEIRO_NOME_USUARIO,TEXT,YES,,
TRUSTED_CRM,DBO,TRANSACIONAL,BASE TABLE,,44,ULTIMO_NOME_USUARIO,TEXT,YES,,
TRUSTED_CRM,DBO,TRANSACIONAL,BASE TABLE,,45,ID_TRANSACAO_ORIGEM,NUMBER,YES,,
TRUSTED_CRM,DBO,TRANSACIONAL,BASE TABLE,,46,ID_PONTOS_TRANSACAO,NUMBER,NO,,
TRUSTED_CRM,DBO,TRANSACIONAL,BASE TABLE,,47,STATUS_PONTOS_TRANSACAO,TEXT,YES,,
TRUSTED_CRM,DBO,TRANSACIONAL,BASE TABLE,,48,PONTOS,NUMBER,YES,,
TRUSTED_CRM,DBO,TRANSACIONAL,BASE TABLE,,49,DATA_EXPIRACAO_PONTOS,TIMESTAMP_NTZ,YES,,
TRUSTED_CRM,DBO,TRANSACIONAL,BASE TABLE,,50,PONTOS_UTILIZADOS,NUMBER,YES,,
TRUSTED_CRM,DBO,TRANSACIONAL,BASE TABLE,,51,PONTOS_VALIDOS,TEXT,YES,,
TRUSTED_CRM,DBO,TRANSACIONAL,BASE TABLE,,52,ID_PONTO,NUMBER,YES,,
TRUSTED_CRM,DBO,TRANSACIONAL,BASE TABLE,,53,CODIGO_PONTO,TEXT,YES,,
TRUSTED_CRM,DBO,TRANSACIONAL,BASE TABLE,,54,DESCRICAO_PONTO,TEXT,YES,,
TRUSTED_CRM,DBO,TRANSACIONAL,BASE TABLE,,55,TIPO_PONTO,TEXT,YES,,
TRUSTED_CRM,DBO,TRANSACIONAL,BASE TABLE,,56,STATUS_PONTO_LIABILITY,TEXT,YES,,
TRUSTED_CRM,DBO,TRANSACIONAL,BASE TABLE,,57,TIPO_PONTO_LIABILITY,TEXT,YES,,
TRUSTED_CRM,DBO,TRANSACIONAL,BASE TABLE,,58,BREAKAGE,TEXT,YES,,
TRUSTED_CRM,DBO,TRANSACIONAL,BASE TABLE,,59,MACRO_SEGMENTO_PONTO,TEXT,YES,,
TRUSTED_CRM,DBO,TRANSACIONAL,BASE TABLE,,60,MICRO_SEGMENTO_PONTO,TEXT,YES,,
TRUSTED_CRM,DBO,TRANSACIONAL,BASE TABLE,,61,BTOE_BURN,TEXT,YES,,
TRUSTED_CRM,DBO,TRANSACIONAL,BASE TABLE,,62,ATUALIZACAO_TRANSACAO_CSA,TIMESTAMP_NTZ,YES,,
TRUSTED_CRM,DBO,TRANSACIONAL,BASE TABLE,,63,ATUALIZACAO_PONTOS_TRANSACAO_CSA,TIMESTAMP_NTZ,YES,,
TRUSTED_CRM,DBO,TRANSACIONAL,BASE TABLE,,64,DATA_ATUALIZACAO,TIMESTAMP_TZ,YES,,
TRUSTED_CRM,DBO,TRANSACIONAL,BASE TABLE,,68,COD_PARCEIRO_PONTO,TEXT,YES,,
TRUSTED_CRM,DBO,TRANSACIONAL,BASE TABLE,,69,GRUPO_PARCEIRO_PONTO,TEXT,YES,,
TRUSTED_CRM,DBO,TRANSACIONAL,BASE TABLE,,70,PONTO_FATURAVEL,TEXT,YES,,
TRUSTED_CRM,DBO,TRANSACIONAL_TRATADA,BASE TABLE,,1,TRN_ID,NUMBER,NO,,
TRUSTED_CRM,DBO,TRANSACIONAL_TRATADA,BASE TABLE,,2,TRN_TTP_CODE,TEXT,YES,,
TRUSTED_CRM,DBO,TRANSACIONAL_TRATADA,BASE TABLE,,3,TTP_NAME,TEXT,YES,,
TRUSTED_CRM,DBO,TRANSACIONAL_TRATADA,BASE TABLE,,4,QUERY_TYPE,TEXT,YES,,
TRUSTED_CRM,DBO,TRANSACIONAL_TRATADA,BASE TABLE,,5,TRANSACTION_TYPE,TEXT,YES,,
TRUSTED_CRM,DBO,TRANSACIONAL_TRATADA,BASE TABLE,,6,TRN_ACC_ID,NUMBER,YES,,
TRUSTED_CRM,DBO,TRANSACIONAL_TRATADA,BASE TABLE,,7,TIPO_CONTA,TEXT,YES,,
TRUSTED_CRM,DBO,TRANSACIONAL_TRATADA,BASE TABLE,,8,TRN_CUS_ID,NUMBER,YES,,
TRUSTED_CRM,DBO,TRANSACIONAL_TRATADA,BASE TABLE,,9,TRN_COMMENTS,TEXT,YES,,
TRUSTED_CRM,DBO,TRANSACIONAL_TRATADA,BASE TABLE,,10,TRN_COMMENTS_ORIGIN,TEXT,YES,,
TRUSTED_CRM,DBO,TRANSACIONAL_TRATADA,BASE TABLE,,11,TPDA_PCD_NAME,TEXT,YES,,
TRUSTED_CRM,DBO,TRANSACIONAL_TRATADA,BASE TABLE,,12,TPDA_PCD_NAME_ORIGIN,TEXT,YES,,
TRUSTED_CRM,DBO,TRANSACIONAL_TRATADA,BASE TABLE,,13,TRN_TRANSACTION_DATE,TIMESTAMP_NTZ,YES,,
TRUSTED_CRM,DBO,TRANSACIONAL_TRATADA,BASE TABLE,,14,TRN_PROCESS_DATE,TIMESTAMP_NTZ,YES,,
TRUSTED_CRM,DBO,TRANSACIONAL_TRATADA,BASE TABLE,,15,TRN_TRANSACTION_DATE_ORIGIN,TIMESTAMP_NTZ,YES,,
TRUSTED_CRM,DBO,TRANSACIONAL_TRATADA,BASE TABLE,,16,TRN_PROCESS_DATE_ORIGIN,TIMESTAMP_NTZ,YES,,
TRUSTED_CRM,DBO,TRANSACIONAL_TRATADA,BASE TABLE,,17,TRN_TOTAL_VALUE,NUMBER,YES,,
TRUSTED_CRM,DBO,TRANSACIONAL_TRATADA,BASE TABLE,,18,TRN_TRANSACTION_STATUSES_CODE,TEXT,YES,,
TRUSTED_CRM,DBO,TRANSACIONAL_TRATADA,BASE TABLE,,19,TRNA_BOOKING_CLASS,TEXT,YES,,
TRUSTED_CRM,DBO,TRANSACIONAL_TRATADA,BASE TABLE,,20,TRNX_PRODUCT_CLASS_CODE,TEXT,YES,,
TRUSTED_CRM,DBO,TRANSACIONAL_TRATADA,BASE TABLE,,21,PRT_CODE,TEXT,YES,,
TRUSTED_CRM,DBO,TRANSACIONAL_TRATADA,BASE TABLE,,22,PRT_NAME,TEXT,YES,,
TRUSTED_CRM,DBO,TRANSACIONAL_TRATADA,BASE TABLE,,23,PRT_CODE_ORIGIN,TEXT,YES,,
TRUSTED_CRM,DBO,TRANSACIONAL_TRATADA,BASE TABLE,,24,PRT_NAME_ORIGIN,TEXT,YES,,
TRUSTED_CRM,DBO,TRANSACIONAL_TRATADA,BASE TABLE,,25,TRNA_NO,TEXT,YES,,
TRUSTED_CRM,DBO,TRANSACIONAL_TRATADA,BASE TABLE,,26,TRNA_NO_ORIGIN,TEXT,YES,,
TRUSTED_CRM,DBO,TRANSACIONAL_TRATADA,BASE TABLE,,27,TRNA_CODE,TEXT,YES,,
TRUSTED_CRM,DBO,TRANSACIONAL_TRATADA,BASE TABLE,,28,TRNA_CODE_ORIGIN,TEXT,YES,,
TRUSTED_CRM,DBO,TRANSACIONAL_TRATADA,BASE TABLE,,29,TRNX_BASE_PRICE,TEXT,YES,,
TRUSTED_CRM,DBO,TRANSACIONAL_TRATADA,BASE TABLE,,30,TRNA_ORIGIN,TEXT,YES,,
TRUSTED_CRM,DBO,TRANSACIONAL_TRATADA,BASE TABLE,,31,TRNA_DESTINATION,TEXT,YES,,
TRUSTED_CRM,DBO,TRANSACIONAL_TRATADA,BASE TABLE,,32,OD,TEXT,YES,,
TRUSTED_CRM,DBO,TRANSACIONAL_TRATADA,BASE TABLE,,33,ND,TEXT,YES,,
TRUSTED_CRM,DBO,TRANSACIONAL_TRATADA,BASE TABLE,,34,TRNA_PNR_NUMBER,TEXT,YES,,
TRUSTED_CRM,DBO,TRANSACIONAL_TRATADA,BASE TABLE,,35,BOOKING_DATE,TIMESTAMP_NTZ,YES,,
TRUSTED_CRM,DBO,TRANSACIONAL_TRATADA,BASE TABLE,,36,DEPARTURE_DATE,TIMESTAMP_NTZ,YES,,
TRUSTED_CRM,DBO,TRANSACIONAL_TRATADA,BASE TABLE,,37,MACRO_SEGMENTO,TEXT,YES,,
TRUSTED_CRM,DBO,TRANSACIONAL_TRATADA,BASE TABLE,,38,MICRO_SEGMENTO,TEXT,YES,,
TRUSTED_CRM,DBO,TRANSACIONAL_TRATADA,BASE TABLE,,39,TIER,TEXT,YES,,
TRUSTED_CRM,DBO,TRANSACIONAL_TRATADA,BASE TABLE,,40,PONTOS_QUALIFICAVEIS,FLOAT,YES,,
TRUSTED_CRM,DBO,TRANSACIONAL_TRATADA,BASE TABLE,,41,TRN_USR_ID,NUMBER,YES,,
TRUSTED_CRM,DBO,TRANSACIONAL_TRATADA,BASE TABLE,,42,USR_FIRST_NAME,TEXT,YES,,
TRUSTED_CRM,DBO,TRANSACIONAL_TRATADA,BASE TABLE,,43,USR_LAST_NAME,TEXT,YES,,
TRUSTED_CRM,DBO,TRANSACIONAL_TRATADA,BASE TABLE,,44,TRN_SRC_TRN_ID,NUMBER,YES,,
TRUSTED_CRM,DBO,TRANSACIONAL_TRATADA,BASE TABLE,,45,TRNX_AUDIT_CD,TIMESTAMP_NTZ,YES,,
TRUSTED_CRM,DBO,TRANSACIONAL_TRATADA,BASE TABLE,,46,TRNX_AUDIT_MD,TIMESTAMP_NTZ,YES,,
TRUSTED_CRM,DBO,TRANSACIONAL_TRATADA,BASE TABLE,,47,DW_LAST_UPDATE,TIMESTAMP_NTZ,YES,,
TRUSTED_CRM,DBO,TRANSACIONAL_TRATADA,BASE TABLE,,48,DATA_ATUALIZACAO,TIMESTAMP_TZ,YES,,
TRUSTED_CRM,DBO,TRANSACOESCED_AUX,BASE TABLE,,1,CUSTOMER_ID,TEXT,NO,,
TRUSTED_CRM,DBO,TRANSACOESCED_AUX,BASE TABLE,,2,TIER,TEXT,NO,,
TRUSTED_CRM,DBO,TRANSACOESCED_AUX,BASE TABLE,,3,CAMPAIGN_ID,TEXT,NO,,
TRUSTED_CRM,DBO,TRANSACOESCED_AUX,BASE TABLE,,4,CAMPAIGN_NAME,TEXT,NO,,
TRUSTED_CRM,DBO,TRANSACOESCED_AUX,BASE TABLE,,5,SENT_DATE,TIMESTAMP_NTZ,NO,,
TRUSTED_CRM,DBO,TRANSACOESCED_AUX,BASE TABLE,,6,CHANNEL,TEXT,NO,,
TRUSTED_CRM,DBO,TRANSACOESCED_AUX,BASE TABLE,,7,MARKETING_STRATEGY,TEXT,NO,,
TRUSTED_CRM,DBO,TRANSACOESCED_AUX,BASE TABLE,,8,MARKETING_PROGRAM,TEXT,NO,,
TRUSTED_CRM,DBO,TRANSACOESCED_AUX,BASE TABLE,,9,CONTAGEM_ABERTURA,NUMBER,NO,,
TRUSTED_CRM,DBO,TRANSACOESCED_AUX,BASE TABLE,,10,CONTAGEM_CLICK,NUMBER,NO,,
TRUSTED_CRM,DBO,TRANSACOESCED_AUX,BASE TABLE,,11,ACUMULO_FINANCEIRO,NUMBER,YES,,
TRUSTED_CRM,DBO,TRANSACOESCED_AUX,BASE TABLE,,12,ACUMULO_VAREJO,NUMBER,YES,,
TRUSTED_CRM,DBO,TRANSACOESCED_AUX,BASE TABLE,,13,ACUMULO_BUY,NUMBER,YES,,
TRUSTED_CRM,DBO,TRANSACOESCED_AUX,BASE TABLE,,14,ACUMULO_TRANSFER,NUMBER,YES,,
TRUSTED_CRM,DBO,TRANSACOESCED_AUX,BASE TABLE,,15,ACUMULO_RENEW,NUMBER,YES,,
TRUSTED_CRM,DBO,TRANSACOESCED_AUX,BASE TABLE,,16,ACUMULO_CLUBE,NUMBER,YES,,
TRUSTED_CRM,DBO,TRANSACOESCED_AUX,BASE TABLE,,17,RESGATE_AEREO,NUMBER,YES,,
TRUSTED_CRM,DBO,TRANSACOESCED_AUX,BASE TABLE,,18,RESGATE_SHOPPING,NUMBER,YES,,
TRUSTED_CRM,DBO,TRANSACOESCED_AUX,BASE TABLE,,19,ACUMULO_TOTAL,NUMBER,YES,,
TRUSTED_CRM,DBO,TRANSACOESCED_AUX,BASE TABLE,,20,RESGATE_TOTAL,NUMBER,YES,,
TRUSTED_CRM,DBO,TRANSACOESCED_AUX,BASE TABLE,,21,CONV_ACUMULO_FINANCEIRO,NUMBER,YES,,
TRUSTED_CRM,DBO,TRANSACOESCED_AUX,BASE TABLE,,22,CONV_ACUMULO_VAREJO,NUMBER,YES,,
TRUSTED_CRM,DBO,TRANSACOESCED_AUX,BASE TABLE,,23,CONV_ACUMULO_BUY,NUMBER,YES,,
TRUSTED_CRM,DBO,TRANSACOESCED_AUX,BASE TABLE,,24,CONV_ACUMULO_TRANSFER,NUMBER,YES,,
TRUSTED_CRM,DBO,TRANSACOESCED_AUX,BASE TABLE,,25,CONV_ACUMULO_RENEW,NUMBER,YES,,
TRUSTED_CRM,DBO,TRANSACOESCED_AUX,BASE TABLE,,26,CONV_ACUMULO_CLUBE,NUMBER,YES,,
TRUSTED_CRM,DBO,TRANSACOESCED_AUX,BASE TABLE,,27,CONV_RESGATE_AEREO,NUMBER,YES,,
TRUSTED_CRM,DBO,TRANSACOESCED_AUX,BASE TABLE,,28,CONV_RESGATE_SHOPPING,NUMBER,YES,,
TRUSTED_CRM,DBO,TRANSACOESCED_AUX,BASE TABLE,,29,CONV_ACUMULO_TOTAL,NUMBER,YES,,
TRUSTED_CRM,DBO,TRANSACOESCED_AUX,BASE TABLE,,30,CONV_RESGATE_TOTAL,NUMBER,YES,,
TRUSTED_CRM,DBO,TRANSACTION_TYPE,BASE TABLE,,1,TRN_TTP_CODE,TEXT,NO,,
TRUSTED_CRM,DBO,TRANSACTION_TYPE,BASE TABLE,,2,TTP_NAME,TEXT,YES,,
TRUSTED_CRM,DBO,TRANSACTION_TYPE,BASE TABLE,,3,QUERY_TYPE,TEXT,YES,,
TRUSTED_CRM,DBO,TRANSACTION_TYPE,BASE TABLE,,4,TRANSACTION_TYPE,TEXT,YES,,
TRUSTED_CRM,DBO,VOUCHERS_EMITIDOS_UTILIZADOS,BASE TABLE,,1,VOUCHERREFERENCE,TEXT,NO,,
TRUSTED_CRM,DBO,VOUCHERS_EMITIDOS_UTILIZADOS,BASE TABLE,,2,BOOKINGID,NUMBER,NO,,
TRUSTED_CRM,DBO,VOUCHERS_EMITIDOS_UTILIZADOS,BASE TABLE,,3,DATA_CRIACAO_VOUCHER,DATE,YES,,
TRUSTED_CRM,DBO,VOUCHERS_EMITIDOS_UTILIZADOS,BASE TABLE,,4,VOUCHERBASISCODE,TEXT,YES,,
TRUSTED_CRM,DBO,VOUCHERS_EMITIDOS_UTILIZADOS,BASE TABLE,,5,MOTIVO,TEXT,YES,,
TRUSTED_CRM,DBO,VOUCHERS_EMITIDOS_UTILIZADOS,BASE TABLE,,6,VOUCHERSTATUS,TEXT,YES,,
TRUSTED_CRM,DBO,VOUCHERS_EMITIDOS_UTILIZADOS,BASE TABLE,,7,TIPO_VOUCHER,TEXT,YES,,
TRUSTED_CRM,DBO,VOUCHERS_EMITIDOS_UTILIZADOS,BASE TABLE,,8,RECORDLOCATOR,TEXT,YES,,
TRUSTED_CRM,DBO,VOUCHERS_EMITIDOS_UTILIZADOS,BASE TABLE,,9,BOOKINGDATE,DATE,YES,,
TRUSTED_CRM,DBO,VOUCHERS_EMITIDOS_UTILIZADOS,BASE TABLE,,10,VOUCHERID,TEXT,YES,,
TRUSTED_CRM,DBO,VOUCHERS_EMITIDOS_UTILIZADOS,BASE TABLE,,11,TOTAL_LOC,FLOAT,YES,,
TRUSTED_CRM,DBO,VOUCHERS_EMITIDOS_UTILIZADOS,BASE TABLE,,12,AMOUNT,FLOAT,YES,,
TRUSTED_CRM,DBO,VOUCHERS_EMITIDOS_UTILIZADOS,BASE TABLE,,13,VALOR_USADO,FLOAT,YES,,
TRUSTED_CRM,DBO,VOUCHERS_EMITIDOS_UTILIZADOS,BASE TABLE,,14,AVAILABLE,FLOAT,YES,,
TRUSTED_CRM,DBO,VOUCHERS_EMITIDOS_UTILIZADOS,BASE TABLE,,15,VALOR_TOTAL_BOOKING,FLOAT,YES,,
TRUSTED_CRM,DBO,VOUCHERS_EMITIDOS_UTILIZADOS,BASE TABLE,,16,CURRENCYCODE_VOUCHER,TEXT,YES,,
TRUSTED_CRM,DBO,VOUCHERS_EMITIDOS_UTILIZADOS,BASE TABLE,,17,DATA_PAGAMENTO,DATE,YES,,
TRUSTED_CRM,DBO,VOUCHERS_EMITIDOS_UTILIZADOS,BASE TABLE,,18,MODIFIEDUTC_VOUCHER,DATE,YES,,
TRUSTED_CRM,DBO,VOUCHERS_EMITIDOS_UTILIZADOS,BASE TABLE,,19,DATA_UTILIZACAO,DATE,YES,,
TRUSTED_CRM,DBO,VOUCHERS_EMITIDOS_UTILIZADOS,BASE TABLE,,20,DEPARTUREDATE,DATE,YES,,
TRUSTED_CRM,DBO,VOUCHERS_EMITIDOS_UTILIZADOS,BASE TABLE,,21,DEPARTURESTATION,TEXT,YES,,
TRUSTED_CRM,DBO,VOUCHERS_EMITIDOS_UTILIZADOS,BASE TABLE,,22,LIFTSTATUS,TEXT,YES,,
TRUSTED_CRM,DBO,VOUCHERS_EMITIDOS_UTILIZADOS,BASE TABLE,,23,DH_CARGA,TIMESTAMP_NTZ,YES,,
